src_node,dest_node,nodes,links,distance,num_hops
0,1,"[0, 13, 12, 1]","[2, 60, 10]",15.0,3
0,1,"[0, 16, 17, 2, 11, 1]","[5, 67, 16, 15, 9]",48.0,5
0,1,"[0, 13, 12, 33, 37, 11, 1]","[2, 60, 61, 102, 57, 9]",56.0,6
0,1,"[0, 14, 3, 18, 35, 31, 1]","[3, 19, 20, 71, 98, 12]",62.0,6
0,1,"[0, 14, 3, 18, 35, 23, 29, 28, 31, 1]","[3, 19, 20, 71, 83, 82, 91, 92, 12]",78.0,9
0,1,"[0, 16, 17, 2, 11, 37, 33, 12, 1]","[5, 67, 16, 15, 57, 102, 61, 10]",89.0,8
0,1,"[0, 14, 3, 18, 35, 31, 28, 19, 30, 38, 36, 21, 1]","[3, 19, 20, 71, 98, 92, 73, 74, 95, 106, 78, 11]",105.0,12
0,1,"[0, 14, 3, 18, 35, 23, 27, 8, 30, 19, 28, 31, 1]","[3, 19, 20, 71, 83, 81, 43, 44, 74, 73, 92, 12]",106.0,12
0,1,"[0, 15, 20, 22, 17, 2, 11, 1]","[4, 65, 76, 69, 16, 15, 9]",108.0,7
0,1,"[0, 14, 3, 18, 35, 23, 29, 28, 19, 30, 38, 36, 21, 1]","[3, 19, 20, 71, 83, 82, 91, 73, 74, 95, 106, 78, 11]",115.0,13
0,1,"[0, 14, 3, 18, 35, 23, 27, 8, 30, 38, 36, 21, 1]","[3, 19, 20, 71, 83, 81, 43, 44, 95, 106, 78, 11]",135.0,12
0,1,"[0, 15, 20, 22, 17, 2, 11, 37, 33, 12, 1]","[4, 65, 76, 69, 16, 15, 57, 102, 61, 10]",149.0,10
0,1,"[0, 14, 3, 18, 35, 31, 28, 29, 23, 27, 8, 30, 38, 36, 21, 1]","[3, 19, 20, 71, 98, 92, 91, 82, 81, 43, 44, 95, 106, 78, 11]",157.0,15
0,2,"[0, 13, 12, 1, 11, 2]","[2, 60, 10, 9, 15]",29.0,5
0,2,"[0, 16, 17, 2]","[5, 67, 16]",34.0,3
0,2,"[0, 13, 12, 33, 37, 11, 2]","[2, 60, 61, 102, 57, 15]",60.0,6
0,2,"[0, 14, 3, 18, 35, 31, 1, 11, 2]","[3, 19, 20, 71, 98, 12, 9, 15]",76.0,8
0,2,"[0, 14, 3, 18, 35, 23, 29, 28, 31, 1, 11, 2]","[3, 19, 20, 71, 83, 82, 91, 92, 12, 9, 15]",92.0,11
0,2,"[0, 15, 20, 22, 17, 2]","[4, 65, 76, 69, 16]",94.0,5
0,2,"[0, 14, 3, 18, 35, 31, 1, 12, 33, 37, 11, 2]","[3, 19, 20, 71, 98, 12, 10, 61, 102, 57, 15]",117.0,11
0,2,"[0, 14, 3, 18, 35, 31, 28, 19, 30, 38, 36, 21, 1, 11, 2]","[3, 19, 20, 71, 98, 92, 73, 74, 95, 106, 78, 11, 9, 15]",119.0,14
0,2,"[0, 14, 3, 18, 35, 23, 27, 8, 30, 19, 28, 31, 1, 11, 2]","[3, 19, 20, 71, 83, 81, 43, 44, 74, 73, 92, 12, 9, 15]",120.0,14
0,2,"[0, 14, 3, 18, 35, 23, 29, 28, 19, 30, 38, 36, 21, 1, 11, 2]","[3, 19, 20, 71, 83, 82, 91, 73, 74, 95, 106, 78, 11, 9, 15]",129.0,15
0,2,"[0, 14, 3, 18, 35, 23, 29, 28, 31, 1, 12, 33, 37, 11, 2]","[3, 19, 20, 71, 83, 82, 91, 92, 12, 10, 61, 102, 57, 15]",133.0,14
0,2,"[0, 14, 3, 18, 35, 23, 27, 8, 30, 38, 36, 21, 1, 11, 2]","[3, 19, 20, 71, 83, 81, 43, 44, 95, 106, 78, 11, 9, 15]",149.0,14
0,2,"[0, 14, 3, 18, 35, 31, 28, 19, 30, 38, 36, 21, 1, 12, 33, 37, 11, 2]","[3, 19, 20, 71, 98, 92, 73, 74, 95, 106, 78, 11, 10, 61, 102, 57, 15]",160.0,17
0,2,"[0, 14, 3, 18, 35, 23, 27, 8, 30, 19, 28, 31, 1, 12, 33, 37, 11, 2]","[3, 19, 20, 71, 83, 81, 43, 44, 74, 73, 92, 12, 10, 61, 102, 57, 15]",161.0,17
0,2,"[0, 14, 3, 18, 35, 23, 29, 28, 19, 30, 38, 36, 21, 1, 12, 33, 37, 11, 2]","[3, 19, 20, 71, 83, 82, 91, 73, 74, 95, 106, 78, 11, 10, 61, 102, 57, 15]",170.0,18
0,2,"[0, 14, 3, 18, 35, 31, 28, 29, 23, 27, 8, 30, 38, 36, 21, 1, 11, 2]","[3, 19, 20, 71, 98, 92, 91, 82, 81, 43, 44, 95, 106, 78, 11, 9, 15]",171.0,17
0,2,"[0, 14, 3, 18, 35, 23, 27, 8, 30, 38, 36, 21, 1, 12, 33, 37, 11, 2]","[3, 19, 20, 71, 83, 81, 43, 44, 95, 106, 78, 11, 10, 61, 102, 57, 15]",190.0,17
0,2,"[0, 14, 3, 18, 35, 31, 28, 29, 23, 27, 8, 30, 38, 36, 21, 1, 12, 33, 37, 11, 2]","[3, 19, 20, 71, 98, 92, 91, 82, 81, 43, 44, 95, 106, 78, 11, 10, 61, 102, 57, 15]",212.0,20
0,3,"[0, 14, 3]","[3, 19]",26.0,2
0,3,"[0, 13, 12, 1, 31, 35, 18, 3]","[2, 60, 10, 12, 98, 71, 20]",51.0,7
0,3,"[0, 13, 12, 1, 31, 28, 29, 23, 35, 18, 3]","[2, 60, 10, 12, 92, 91, 82, 83, 71, 20]",67.0,10
0,3,"[0, 16, 17, 2, 11, 1, 31, 35, 18, 3]","[5, 67, 16, 15, 9, 12, 98, 71, 20]",84.0,9
0,3,"[0, 13, 12, 33, 37, 11, 1, 31, 35, 18, 3]","[2, 60, 61, 102, 57, 9, 12, 98, 71, 20]",92.0,10
0,3,"[0, 13, 12, 1, 21, 36, 38, 30, 19, 28, 31, 35, 18, 3]","[2, 60, 10, 11, 78, 106, 95, 74, 73, 92, 98, 71, 20]",94.0,13
0,3,"[0, 13, 12, 1, 31, 28, 19, 30, 8, 27, 23, 35, 18, 3]","[2, 60, 10, 12, 92, 73, 74, 44, 43, 81, 83, 71, 20]",95.0,13
0,3,"[0, 16, 17, 2, 11, 1, 31, 28, 29, 23, 35, 18, 3]","[5, 67, 16, 15, 9, 12, 92, 91, 82, 83, 71, 20]",100.0,12
0,3,"[0, 13, 12, 1, 21, 36, 38, 30, 19, 28, 29, 23, 35, 18, 3]","[2, 60, 10, 11, 78, 106, 95, 74, 73, 91, 82, 83, 71, 20]",104.0,14
0,3,"[0, 13, 12, 33, 37, 11, 1, 31, 28, 29, 23, 35, 18, 3]","[2, 60, 61, 102, 57, 9, 12, 92, 91, 82, 83, 71, 20]",108.0,13
0,3,"[0, 13, 12, 1, 21, 36, 38, 30, 8, 27, 23, 35, 18, 3]","[2, 60, 10, 11, 78, 106, 95, 44, 43, 81, 83, 71, 20]",124.0,13
0,3,"[0, 16, 17, 2, 11, 37, 33, 12, 1, 31, 35, 18, 3]","[5, 67, 16, 15, 57, 102, 61, 10, 12, 98, 71, 20]",125.0,12
0,3,"[0, 16, 17, 2, 11, 1, 21, 36, 38, 30, 19, 28, 31, 35, 18, 3]","[5, 67, 16, 15, 9, 11, 78, 106, 95, 74, 73, 92, 98, 71, 20]",127.0,15
0,3,"[0, 16, 17, 2, 11, 1, 31, 28, 19, 30, 8, 27, 23, 35, 18, 3]","[5, 67, 16, 15, 9, 12, 92, 73, 74, 44, 43, 81, 83, 71, 20]",128.0,15
0,3,"[0, 13, 12, 33, 37, 11, 1, 21, 36, 38, 30, 19, 28, 31, 35, 18, 3]","[2, 60, 61, 102, 57, 9, 11, 78, 106, 95, 74, 73, 92, 98, 71, 20]",135.0,16
0,3,"[0, 13, 12, 33, 37, 11, 1, 31, 28, 19, 30, 8, 27, 23, 35, 18, 3]","[2, 60, 61, 102, 57, 9, 12, 92, 73, 74, 44, 43, 81, 83, 71, 20]",136.0,16
0,3,"[0, 16, 17, 2, 11, 1, 21, 36, 38, 30, 19, 28, 29, 23, 35, 18, 3]","[5, 67, 16, 15, 9, 11, 78, 106, 95, 74, 73, 91, 82, 83, 71, 20]",137.0,16
0,3,"[0, 16, 17, 2, 11, 37, 33, 12, 1, 31, 28, 29, 23, 35, 18, 3]","[5, 67, 16, 15, 57, 102, 61, 10, 12, 92, 91, 82, 83, 71, 20]",141.0,15
0,3,"[0, 15, 20, 22, 17, 2, 11, 1, 31, 35, 18, 3]","[4, 65, 76, 69, 16, 15, 9, 12, 98, 71, 20]",144.0,11
0,3,"[0, 13, 12, 33, 37, 11, 1, 21, 36, 38, 30, 19, 28, 29, 23, 35, 18, 3]","[2, 60, 61, 102, 57, 9, 11, 78, 106, 95, 74, 73, 91, 82, 83, 71, 20]",145.0,17
0,4,"[0, 13, 12, 1, 31, 28, 19, 30, 8, 24, 4]","[2, 60, 10, 12, 92, 73, 74, 44, 42, 25]",54.12,10
0,4,"[0, 13, 12, 1, 31, 35, 23, 29, 28, 19, 30, 8, 24, 4]","[2, 60, 10, 12, 98, 83, 82, 91, 73, 74, 44, 42, 25]",78.12,13
0,4,"[0, 13, 12, 1, 31, 35, 23, 27, 8, 24, 4]","[2, 60, 10, 12, 98, 83, 81, 43, 42, 25]",80.12,10
0,4,"[0, 13, 12, 1, 21, 36, 38, 30, 8, 24, 4]","[2, 60, 10, 11, 78, 106, 95, 44, 42, 25]",83.12,10
0,4,"[0, 16, 17, 2, 11, 1, 31, 28, 19, 30, 8, 24, 4]","[5, 67, 16, 15, 9, 12, 92, 73, 74, 44, 42, 25]",87.12,12
0,4,"[0, 13, 12, 1, 31, 28, 29, 23, 27, 8, 24, 4]","[2, 60, 10, 12, 92, 91, 82, 81, 43, 42, 25]",88.12,11
0,4,"[0, 13, 12, 33, 37, 11, 1, 31, 28, 19, 30, 8, 24, 4]","[2, 60, 61, 102, 57, 9, 12, 92, 73, 74, 44, 42, 25]",95.12,13
0,4,"[0, 14, 3, 18, 35, 31, 28, 19, 30, 8, 24, 4]","[3, 19, 20, 71, 98, 92, 73, 74, 44, 42, 25]",95.12,11
0,4,"[0, 14, 3, 18, 35, 23, 29, 28, 19, 30, 8, 24, 4]","[3, 19, 20, 71, 83, 82, 91, 73, 74, 44, 42, 25]",105.12,12
0,4,"[0, 14, 3, 18, 35, 23, 27, 8, 24, 4]","[3, 19, 20, 71, 83, 81, 43, 42, 25]",107.12,9
0,4,"[0, 16, 17, 2, 11, 1, 31, 35, 23, 29, 28, 19, 30, 8, 24, 4]","[5, 67, 16, 15, 9, 12, 98, 83, 82, 91, 73, 74, 44, 42, 25]",111.12,15
0,4,"[0, 16, 17, 2, 11, 1, 31, 35, 23, 27, 8, 24, 4]","[5, 67, 16, 15, 9, 12, 98, 83, 81, 43, 42, 25]",113.12,12
0,4,"[0, 16, 17, 2, 11, 1, 21, 36, 38, 30, 8, 24, 4]","[5, 67, 16, 15, 9, 11, 78, 106, 95, 44, 42, 25]",116.12,12
0,4,"[0, 13, 12, 33, 37, 11, 1, 31, 35, 23, 29, 28, 19, 30, 8, 24, 4]","[2, 60, 61, 102, 57, 9, 12, 98, 83, 82, 91, 73, 74, 44, 42, 25]",119.12,16
0,4,"[0, 16, 17, 2, 11, 1, 31, 28, 29, 23, 27, 8, 24, 4]","[5, 67, 16, 15, 9, 12, 92, 91, 82, 81, 43, 42, 25]",121.12,13
0,4,"[0, 13, 12, 33, 37, 11, 1, 31, 35, 23, 27, 8, 24, 4]","[2, 60, 61, 102, 57, 9, 12, 98, 83, 81, 43, 42, 25]",121.12,13
0,4,"[0, 13, 12, 1, 21, 36, 38, 30, 19, 28, 31, 35, 23, 27, 8, 24, 4]","[2, 60, 10, 11, 78, 106, 95, 74, 73, 92, 98, 83, 81, 43, 42, 25]",123.12,16
0,4,"[0, 13, 12, 33, 37, 11, 1, 21, 36, 38, 30, 8, 24, 4]","[2, 60, 61, 102, 57, 9, 11, 78, 106, 95, 44, 42, 25]",124.12,13
0,4,"[0, 13, 12, 1, 21, 36, 38, 30, 19, 28, 29, 23, 27, 8, 24, 4]","[2, 60, 10, 11, 78, 106, 95, 74, 73, 91, 82, 81, 43, 42, 25]",125.12,15
0,4,"[0, 16, 17, 2, 11, 37, 33, 12, 1, 31, 28, 19, 30, 8, 24, 4]","[5, 67, 16, 15, 57, 102, 61, 10, 12, 92, 73, 74, 44, 42, 25]",128.12,15
0,5,"[0, 13, 12, 1, 31, 35, 23, 5]","[2, 60, 10, 12, 98, 83, 29]",35.31,7
0,5,"[0, 13, 12, 1, 31, 28, 29, 23, 5]","[2, 60, 10, 12, 92, 91, 82, 29]",43.31,8
0,5,"[0, 14, 3, 18, 35, 23, 5]","[3, 19, 20, 71, 83, 29]",62.31,6
0,5,"[0, 16, 17, 2, 11, 1, 31, 35, 23, 5]","[5, 67, 16, 15, 9, 12, 98, 83, 29]",68.31,9
0,5,"[0, 13, 12, 1, 31, 28, 19, 30, 8, 27, 23, 5]","[2, 60, 10, 12, 92, 73, 74, 44, 43, 81, 29]",71.31,11
0,5,"[0, 13, 12, 33, 37, 11, 1, 31, 35, 23, 5]","[2, 60, 61, 102, 57, 9, 12, 98, 83, 29]",76.31,10
0,5,"[0, 16, 17, 2, 11, 1, 31, 28, 29, 23, 5]","[5, 67, 16, 15, 9, 12, 92, 91, 82, 29]",76.31,10
0,5,"[0, 13, 12, 1, 21, 36, 38, 30, 19, 28, 31, 35, 23, 5]","[2, 60, 10, 11, 78, 106, 95, 74, 73, 92, 98, 83, 29]",78.31,13
0,5,"[0, 13, 12, 1, 21, 36, 38, 30, 19, 28, 29, 23, 5]","[2, 60, 10, 11, 78, 106, 95, 74, 73, 91, 82, 29]",80.31,12
0,5,"[0, 13, 12, 33, 37, 11, 1, 31, 28, 29, 23, 5]","[2, 60, 61, 102, 57, 9, 12, 92, 91, 82, 29]",84.31,11
0,5,"[0, 14, 3, 18, 35, 31, 28, 29, 23, 5]","[3, 19, 20, 71, 98, 92, 91, 82, 29]",84.31,9
0,5,"[0, 13, 12, 1, 21, 36, 38, 30, 8, 27, 23, 5]","[2, 60, 10, 11, 78, 106, 95, 44, 43, 81, 29]",100.31,11
0,5,"[0, 16, 17, 2, 11, 1, 31, 28, 19, 30, 8, 27, 23, 5]","[5, 67, 16, 15, 9, 12, 92, 73, 74, 44, 43, 81, 29]",104.31,13
0,5,"[0, 16, 17, 2, 11, 37, 33, 12, 1, 31, 35, 23, 5]","[5, 67, 16, 15, 57, 102, 61, 10, 12, 98, 83, 29]",109.31,12
0,5,"[0, 16, 17, 2, 11, 1, 21, 36, 38, 30, 19, 28, 31, 35, 23, 5]","[5, 67, 16, 15, 9, 11, 78, 106, 95, 74, 73, 92, 98, 83, 29]",111.31,15
0,5,"[0, 13, 12, 33, 37, 11, 1, 31, 28, 19, 30, 8, 27, 23, 5]","[2, 60, 61, 102, 57, 9, 12, 92, 73, 74, 44, 43, 81, 29]",112.31,14
0,5,"[0, 14, 3, 18, 35, 31, 28, 19, 30, 8, 27, 23, 5]","[3, 19, 20, 71, 98, 92, 73, 74, 44, 43, 81, 29]",112.31,12
0,5,"[0, 16, 17, 2, 11, 1, 21, 36, 38, 30, 19, 28, 29, 23, 5]","[5, 67, 16, 15, 9, 11, 78, 106, 95, 74, 73, 91, 82, 29]",113.31,14
0,5,"[0, 16, 17, 2, 11, 37, 33, 12, 1, 31, 28, 29, 23, 5]","[5, 67, 16, 15, 57, 102, 61, 10, 12, 92, 91, 82, 29]",117.31,13
0,5,"[0, 13, 12, 33, 37, 11, 1, 21, 36, 38, 30, 19, 28, 31, 35, 23, 5]","[2, 60, 61, 102, 57, 9, 11, 78, 106, 95, 74, 73, 92, 98, 83, 29]",119.31,16
1,0,"[1, 12, 13, 0]","[10, 60, 2]",15.0,3
1,0,"[1, 11, 2, 17, 16, 0]","[9, 15, 16, 67, 5]",48.0,5
1,0,"[1, 11, 37, 33, 12, 13, 0]","[9, 57, 102, 61, 60, 2]",56.0,6
1,0,"[1, 31, 35, 18, 3, 14, 0]","[12, 98, 71, 20, 19, 3]",62.0,6
1,0,"[1, 31, 28, 29, 23, 35, 18, 3, 14, 0]","[12, 92, 91, 82, 83, 71, 20, 19, 3]",78.0,9
1,0,"[1, 12, 33, 37, 11, 2, 17, 16, 0]","[10, 61, 102, 57, 15, 16, 67, 5]",89.0,8
1,0,"[1, 21, 36, 38, 30, 19, 28, 31, 35, 18, 3, 14, 0]","[11, 78, 106, 95, 74, 73, 92, 98, 71, 20, 19, 3]",105.0,12
1,0,"[1, 31, 28, 19, 30, 8, 27, 23, 35, 18, 3, 14, 0]","[12, 92, 73, 74, 44, 43, 81, 83, 71, 20, 19, 3]",106.0,12
1,0,"[1, 11, 2, 17, 22, 20, 15, 0]","[9, 15, 16, 69, 76, 65, 4]",108.0,7
1,0,"[1, 21, 36, 38, 30, 19, 28, 29, 23, 35, 18, 3, 14, 0]","[11, 78, 106, 95, 74, 73, 91, 82, 83, 71, 20, 19, 3]",115.0,13
1,0,"[1, 21, 36, 38, 30, 8, 27, 23, 35, 18, 3, 14, 0]","[11, 78, 106, 95, 44, 43, 81, 83, 71, 20, 19, 3]",135.0,12
1,0,"[1, 12, 33, 37, 11, 2, 17, 22, 20, 15, 0]","[10, 61, 102, 57, 15, 16, 69, 76, 65, 4]",149.0,10
1,0,"[1, 21, 36, 38, 30, 8, 27, 23, 29, 28, 31, 35, 18, 3, 14, 0]","[11, 78, 106, 95, 44, 43, 81, 82, 91, 92, 98, 71, 20, 19, 3]",157.0,15
1,2,"[1, 11, 2]","[9, 15]",14.0,2
1,2,"[1, 12, 13, 0, 16, 17, 2]","[10, 60, 2, 5, 67, 16]",49.0,6
1,2,"[1, 12, 33, 37, 11, 2]","[10, 61, 102, 57, 15]",55.0,5
1,2,"[1, 11, 37, 33, 12, 13, 0, 16, 17, 2]","[9, 57, 102, 61, 60, 2, 5, 67, 16]",90.0,9
1,2,"[1, 31, 35, 18, 3, 14, 0, 16, 17, 2]","[12, 98, 71, 20, 19, 3, 5, 67, 16]",96.0,9
1,2,"[1, 12, 13, 0, 15, 20, 22, 17, 2]","[10, 60, 2, 4, 65, 76, 69, 16]",109.0,8
1,2,"[1, 31, 28, 29, 23, 35, 18, 3, 14, 0, 16, 17, 2]","[12, 92, 91, 82, 83, 71, 20, 19, 3, 5, 67, 16]",112.0,12
1,2,"[1, 31, 35, 18, 3, 14, 0, 13, 12, 33, 37, 11, 2]","[12, 98, 71, 20, 19, 3, 2, 60, 61, 102, 57, 15]",122.0,12
1,2,"[1, 31, 28, 29, 23, 35, 18, 3, 14, 0, 13, 12, 33, 37, 11, 2]","[12, 92, 91, 82, 83, 71, 20, 19, 3, 2, 60, 61, 102, 57, 15]",138.0,15
1,2,"[1, 21, 36, 38, 30, 19, 28, 31, 35, 18, 3, 14, 0, 16, 17, 2]","[11, 78, 106, 95, 74, 73, 92, 98, 71, 20, 19, 3, 5, 67, 16]",139.0,15
1,2,"[1, 31, 28, 19, 30, 8, 27, 23, 35, 18, 3, 14, 0, 16, 17, 2]","[12, 92, 73, 74, 44, 43, 81, 83, 71, 20, 19, 3, 5, 67, 16]",140.0,15
1,2,"[1, 21, 36, 38, 30, 19, 28, 29, 23, 35, 18, 3, 14, 0, 16, 17, 2]","[11, 78, 106, 95, 74, 73, 91, 82, 83, 71, 20, 19, 3, 5, 67, 16]",149.0,16
1,2,"[1, 11, 37, 33, 12, 13, 0, 15, 20, 22, 17, 2]","[9, 57, 102, 61, 60, 2, 4, 65, 76, 69, 16]",150.0,11
1,2,"[1, 31, 35, 18, 3, 14, 0, 15, 20, 22, 17, 2]","[12, 98, 71, 20, 19, 3, 4, 65, 76, 69, 16]",156.0,11
1,2,"[1, 21, 36, 38, 30, 19, 28, 31, 35, 18, 3, 14, 0, 13, 12, 33, 37, 11, 2]","[11, 78, 106, 95, 74, 73, 92, 98, 71, 20, 19, 3, 2, 60, 61, 102, 57, 15]",165.0,18
1,2,"[1, 31, 28, 19, 30, 8, 27, 23, 35, 18, 3, 14, 0, 13, 12, 33, 37, 11, 2]","[12, 92, 73, 74, 44, 43, 81, 83, 71, 20, 19, 3, 2, 60, 61, 102, 57, 15]",166.0,18
1,2,"[1, 21, 36, 38, 30, 8, 27, 23, 35, 18, 3, 14, 0, 16, 17, 2]","[11, 78, 106, 95, 44, 43, 81, 83, 71, 20, 19, 3, 5, 67, 16]",169.0,15
1,2,"[1, 31, 28, 29, 23, 35, 18, 3, 14, 0, 15, 20, 22, 17, 2]","[12, 92, 91, 82, 83, 71, 20, 19, 3, 4, 65, 76, 69, 16]",172.0,14
1,2,"[1, 21, 36, 38, 30, 19, 28, 29, 23, 35, 18, 3, 14, 0, 13, 12, 33, 37, 11, 2]","[11, 78, 106, 95, 74, 73, 91, 82, 83, 71, 20, 19, 3, 2, 60, 61, 102, 57, 15]",175.0,19
1,2,"[1, 21, 36, 38, 30, 8, 27, 23, 29, 28, 31, 35, 18, 3, 14, 0, 16, 17, 2]","[11, 78, 106, 95, 44, 43, 81, 82, 91, 92, 98, 71, 20, 19, 3, 5, 67, 16]",191.0,18
1,3,"[1, 31, 35, 18, 3]","[12, 98, 71, 20]",36.0,4
1,3,"[1, 12, 13, 0, 14, 3]","[10, 60, 2, 3, 19]",41.0,5
1,3,"[1, 31, 28, 29, 23, 35, 18, 3]","[12, 92, 91, 82, 83, 71, 20]",52.0,7
1,3,"[1, 11, 2, 17, 16, 0, 14, 3]","[9, 15, 16, 67, 5, 3, 19]",74.0,7
1,3,"[1, 21, 36, 38, 30, 19, 28, 31, 35, 18, 3]","[11, 78, 106, 95, 74, 73, 92, 98, 71, 20]",79.0,10
1,3,"[1, 31, 28, 19, 30, 8, 27, 23, 35, 18, 3]","[12, 92, 73, 74, 44, 43, 81, 83, 71, 20]",80.0,10
1,3,"[1, 11, 37, 33, 12, 13, 0, 14, 3]","[9, 57, 102, 61, 60, 2, 3, 19]",82.0,8
1,3,"[1, 21, 36, 38, 30, 19, 28, 29, 23, 35, 18, 3]","[11, 78, 106, 95, 74, 73, 91, 82, 83, 71, 20]",89.0,11
1,3,"[1, 21, 36, 38, 30, 8, 27, 23, 35, 18, 3]","[11, 78, 106, 95, 44, 43, 81, 83, 71, 20]",109.0,10
1,3,"[1, 12, 33, 37, 11, 2, 17, 16, 0, 14, 3]","[10, 61, 102, 57, 15, 16, 67, 5, 3, 19]",115.0,10
1,3,"[1, 21, 36, 38, 30, 8, 27, 23, 29, 28, 31, 35, 18, 3]","[11, 78, 106, 95, 44, 43, 81, 82, 91, 92, 98, 71, 20]",131.0,13
1,3,"[1, 11, 2, 17, 22, 20, 15, 0, 14, 3]","[9, 15, 16, 69, 76, 65, 4, 3, 19]",134.0,9
1,3,"[1, 12, 33, 37, 11, 2, 17, 22, 20, 15, 0, 14, 3]","[10, 61, 102, 57, 15, 16, 69, 76, 65, 4, 3, 19]",175.0,12
1,4,"[1, 31, 28, 19, 30, 8, 24, 4]","[12, 92, 73, 74, 44, 42, 25]",39.12,7
1,4,"[1, 31, 35, 23, 29, 28, 19, 30, 8, 24, 4]","[12, 98, 83, 82, 91, 73, 74, 44, 42, 25]",63.12,10
1,4,"[1, 31, 35, 23, 27, 8, 24, 4]","[12, 98, 83, 81, 43, 42, 25]",65.12,7
1,4,"[1, 21, 36, 38, 30, 8, 24, 4]","[11, 78, 106, 95, 44, 42, 25]",68.12,7
1,4,"[1, 31, 28, 29, 23, 27, 8, 24, 4]","[12, 92, 91, 82, 81, 43, 42, 25]",73.12,8
1,4,"[1, 21, 36, 38, 30, 19, 28, 31, 35, 23, 27, 8, 24, 4]","[11, 78, 106, 95, 74, 73, 92, 98, 83, 81, 43, 42, 25]",108.12,13
1,4,"[1, 12, 13, 0, 14, 3, 18, 35, 31, 28, 19, 30, 8, 24, 4]","[10, 60, 2, 3, 19, 20, 71, 98, 92, 73, 74, 44, 42, 25]",110.12,14
1,4,"[1, 21, 36, 38, 30, 19, 28, 29, 23, 27, 8, 24, 4]","[11, 78, 106, 95, 74, 73, 91, 82, 81, 43, 42, 25]",110.12,12
1,4,"[1, 12, 13, 0, 14, 3, 18, 35, 23, 29, 28, 19, 30, 8, 24, 4]","[10, 60, 2, 3, 19, 20, 71, 83, 82, 91, 73, 74, 44, 42, 25]",120.12,15
1,4,"[1, 12, 13, 0, 14, 3, 18, 35, 23, 27, 8, 24, 4]","[10, 60, 2, 3, 19, 20, 71, 83, 81, 43, 42, 25]",122.12,12
1,4,"[1, 31, 28, 19, 30, 8, 24, 25, 9, 6, 7, 26, 4]","[12, 92, 73, 74, 44, 42, 85, 47, 36, 35, 40, 26]",137.84,12
1,4,"[1, 11, 2, 17, 16, 0, 14, 3, 18, 35, 31, 28, 19, 30, 8, 24, 4]","[9, 15, 16, 67, 5, 3, 19, 20, 71, 98, 92, 73, 74, 44, 42, 25]",143.12,16
1,4,"[1, 12, 13, 0, 14, 3, 18, 35, 31, 28, 29, 23, 27, 8, 24, 4]","[10, 60, 2, 3, 19, 20, 71, 98, 92, 91, 82, 81, 43, 42, 25]",144.12,15
1,4,"[1, 11, 37, 33, 12, 13, 0, 14, 3, 18, 35, 31, 28, 19, 30, 8, 24, 4]","[9, 57, 102, 61, 60, 2, 3, 19, 20, 71, 98, 92, 73, 74, 44, 42, 25]",151.12,17
1,4,"[1, 11, 2, 17, 16, 0, 14, 3, 18, 35, 23, 29, 28, 19, 30, 8, 24, 4]","[9, 15, 16, 67, 5, 3, 19, 20, 71, 83, 82, 91, 73, 74, 44, 42, 25]",153.12,17
1,4,"[1, 11, 2, 17, 16, 0, 14, 3, 18, 35, 23, 27, 8, 24, 4]","[9, 15, 16, 67, 5, 3, 19, 20, 71, 83, 81, 43, 42, 25]",155.12,14
1,4,"[1, 11, 37, 33, 12, 13, 0, 14, 3, 18, 35, 23, 29, 28, 19, 30, 8, 24, 4]","[9, 57, 102, 61, 60, 2, 3, 19, 20, 71, 83, 82, 91, 73, 74, 44, 42, 25]",161.12,18
1,4,"[1, 31, 35, 23, 29, 28, 19, 30, 8, 24, 25, 9, 6, 7, 26, 4]","[12, 98, 83, 82, 91, 73, 74, 44, 42, 85, 47, 36, 35, 40, 26]",161.84,15
1,4,"[1, 11, 37, 33, 12, 13, 0, 14, 3, 18, 35, 23, 27, 8, 24, 4]","[9, 57, 102, 61, 60, 2, 3, 19, 20, 71, 83, 81, 43, 42, 25]",163.12,15
1,4,"[1, 31, 35, 23, 27, 8, 24, 25, 9, 6, 7, 26, 4]","[12, 98, 83, 81, 43, 42, 85, 47, 36, 35, 40, 26]",163.84,12
1,5,"[1, 31, 35, 23, 5]","[12, 98, 83, 29]",20.31,4
1,5,"[1, 31, 28, 29, 23, 5]","[12, 92, 91, 82, 29]",28.31,5
1,5,"[1, 31, 28, 19, 30, 8, 27, 23, 5]","[12, 92, 73, 74, 44, 43, 81, 29]",56.31,8
1,5,"[1, 21, 36, 38, 30, 19, 28, 31, 35, 23, 5]","[11, 78, 106, 95, 74, 73, 92, 98, 83, 29]",63.31,10
1,5,"[1, 21, 36, 38, 30, 19, 28, 29, 23, 5]","[11, 78, 106, 95, 74, 73, 91, 82, 29]",65.31,9
1,5,"[1, 12, 13, 0, 14, 3, 18, 35, 23, 5]","[10, 60, 2, 3, 19, 20, 71, 83, 29]",77.31,9
1,5,"[1, 21, 36, 38, 30, 8, 27, 23, 5]","[11, 78, 106, 95, 44, 43, 81, 29]",85.31,8
1,5,"[1, 12, 13, 0, 14, 3, 18, 35, 31, 28, 29, 23, 5]","[10, 60, 2, 3, 19, 20, 71, 98, 92, 91, 82, 29]",99.31,12
1,5,"[1, 11, 2, 17, 16, 0, 14, 3, 18, 35, 23, 5]","[9, 15, 16, 67, 5, 3, 19, 20, 71, 83, 29]",110.31,11
1,5,"[1, 11, 37, 33, 12, 13, 0, 14, 3, 18, 35, 23, 5]","[9, 57, 102, 61, 60, 2, 3, 19, 20, 71, 83, 29]",118.31,12
1,5,"[1, 12, 13, 0, 14, 3, 18, 35, 31, 28, 19, 30, 8, 27, 23, 5]","[10, 60, 2, 3, 19, 20, 71, 98, 92, 73, 74, 44, 43, 81, 29]",127.31,15
1,5,"[1, 11, 2, 17, 16, 0, 14, 3, 18, 35, 31, 28, 29, 23, 5]","[9, 15, 16, 67, 5, 3, 19, 20, 71, 98, 92, 91, 82, 29]",132.31,14
1,5,"[1, 11, 37, 33, 12, 13, 0, 14, 3, 18, 35, 31, 28, 29, 23, 5]","[9, 57, 102, 61, 60, 2, 3, 19, 20, 71, 98, 92, 91, 82, 29]",140.31,15
1,5,"[1, 12, 33, 37, 11, 2, 17, 16, 0, 14, 3, 18, 35, 23, 5]","[10, 61, 102, 57, 15, 16, 67, 5, 3, 19, 20, 71, 83, 29]",151.31,14
1,5,"[1, 11, 2, 17, 16, 0, 14, 3, 18, 35, 31, 28, 19, 30, 8, 27, 23, 5]","[9, 15, 16, 67, 5, 3, 19, 20, 71, 98, 92, 73, 74, 44, 43, 81, 29]",160.31,17
1,5,"[1, 11, 37, 33, 12, 13, 0, 14, 3, 18, 35, 31, 28, 19, 30, 8, 27, 23, 5]","[9, 57, 102, 61, 60, 2, 3, 19, 20, 71, 98, 92, 73, 74, 44, 43, 81, 29]",168.31,18
1,5,"[1, 11, 2, 17, 22, 20, 15, 0, 14, 3, 18, 35, 23, 5]","[9, 15, 16, 69, 76, 65, 4, 3, 19, 20, 71, 83, 29]",170.31,13
1,5,"[1, 12, 33, 37, 11, 2, 17, 16, 0, 14, 3, 18, 35, 31, 28, 29, 23, 5]","[10, 61, 102, 57, 15, 16, 67, 5, 3, 19, 20, 71, 98, 92, 91, 82, 29]",173.31,17
1,5,"[1, 11, 2, 17, 22, 20, 15, 0, 14, 3, 18, 35, 31, 28, 29, 23, 5]","[9, 15, 16, 69, 76, 65, 4, 3, 19, 20, 71, 98, 92, 91, 82, 29]",192.31,16
1,5,"[1, 12, 33, 37, 11, 2, 17, 16, 0, 14, 3, 18, 35, 31, 28, 19, 30, 8, 27, 23, 5]","[10, 61, 102, 57, 15, 16, 67, 5, 3, 19, 20, 71, 98, 92, 73, 74, 44, 43, 81, 29]",201.31,20
2,0,"[2, 11, 1, 12, 13, 0]","[15, 9, 10, 60, 2]",29.0,5
2,0,"[2, 17, 16, 0]","[16, 67, 5]",34.0,3
2,0,"[2, 11, 37, 33, 12, 13, 0]","[15, 57, 102, 61, 60, 2]",60.0,6
2,0,"[2, 11, 1, 31, 35, 18, 3, 14, 0]","[15, 9, 12, 98, 71, 20, 19, 3]",76.0,8
2,0,"[2, 11, 1, 31, 28, 29, 23, 35, 18, 3, 14, 0]","[15, 9, 12, 92, 91, 82, 83, 71, 20, 19, 3]",92.0,11
2,0,"[2, 17, 22, 20, 15, 0]","[16, 69, 76, 65, 4]",94.0,5
2,0,"[2, 11, 37, 33, 12, 1, 31, 35, 18, 3, 14, 0]","[15, 57, 102, 61, 10, 12, 98, 71, 20, 19, 3]",117.0,11
2,0,"[2, 11, 1, 21, 36, 38, 30, 19, 28, 31, 35, 18, 3, 14, 0]","[15, 9, 11, 78, 106, 95, 74, 73, 92, 98, 71, 20, 19, 3]",119.0,14
2,0,"[2, 11, 1, 31, 28, 19, 30, 8, 27, 23, 35, 18, 3, 14, 0]","[15, 9, 12, 92, 73, 74, 44, 43, 81, 83, 71, 20, 19, 3]",120.0,14
2,0,"[2, 11, 1, 21, 36, 38, 30, 19, 28, 29, 23, 35, 18, 3, 14, 0]","[15, 9, 11, 78, 106, 95, 74, 73, 91, 82, 83, 71, 20, 19, 3]",129.0,15
2,0,"[2, 11, 37, 33, 12, 1, 31, 28, 29, 23, 35, 18, 3, 14, 0]","[15, 57, 102, 61, 10, 12, 92, 91, 82, 83, 71, 20, 19, 3]",133.0,14
2,0,"[2, 11, 1, 21, 36, 38, 30, 8, 27, 23, 35, 18, 3, 14, 0]","[15, 9, 11, 78, 106, 95, 44, 43, 81, 83, 71, 20, 19, 3]",149.0,14
2,0,"[2, 11, 37, 33, 12, 1, 21, 36, 38, 30, 19, 28, 31, 35, 18, 3, 14, 0]","[15, 57, 102, 61, 10, 11, 78, 106, 95, 74, 73, 92, 98, 71, 20, 19, 3]",160.0,17
2,0,"[2, 11, 37, 33, 12, 1, 31, 28, 19, 30, 8, 27, 23, 35, 18, 3, 14, 0]","[15, 57, 102, 61, 10, 12, 92, 73, 74, 44, 43, 81, 83, 71, 20, 19, 3]",161.0,17
2,0,"[2, 11, 37, 33, 12, 1, 21, 36, 38, 30, 19, 28, 29, 23, 35, 18, 3, 14, 0]","[15, 57, 102, 61, 10, 11, 78, 106, 95, 74, 73, 91, 82, 83, 71, 20, 19, 3]",170.0,18
2,0,"[2, 11, 1, 21, 36, 38, 30, 8, 27, 23, 29, 28, 31, 35, 18, 3, 14, 0]","[15, 9, 11, 78, 106, 95, 44, 43, 81, 82, 91, 92, 98, 71, 20, 19, 3]",171.0,17
2,0,"[2, 11, 37, 33, 12, 1, 21, 36, 38, 30, 8, 27, 23, 35, 18, 3, 14, 0]","[15, 57, 102, 61, 10, 11, 78, 106, 95, 44, 43, 81, 83, 71, 20, 19, 3]",190.0,17
2,0,"[2, 11, 37, 33, 12, 1, 21, 36, 38, 30, 8, 27, 23, 29, 28, 31, 35, 18, 3, 14, 0]","[15, 57, 102, 61, 10, 11, 78, 106, 95, 44, 43, 81, 82, 91, 92, 98, 71, 20, 19, 3]",212.0,20
2,1,"[2, 11, 1]","[15, 9]",14.0,2
2,1,"[2, 17, 16, 0, 13, 12, 1]","[16, 67, 5, 2, 60, 10]",49.0,6
2,1,"[2, 11, 37, 33, 12, 1]","[15, 57, 102, 61, 10]",55.0,5
2,1,"[2, 17, 16, 0, 13, 12, 33, 37, 11, 1]","[16, 67, 5, 2, 60, 61, 102, 57, 9]",90.0,9
2,1,"[2, 17, 16, 0, 14, 3, 18, 35, 31, 1]","[16, 67, 5, 3, 19, 20, 71, 98, 12]",96.0,9
2,1,"[2, 17, 22, 20, 15, 0, 13, 12, 1]","[16, 69, 76, 65, 4, 2, 60, 10]",109.0,8
2,1,"[2, 17, 16, 0, 14, 3, 18, 35, 23, 29, 28, 31, 1]","[16, 67, 5, 3, 19, 20, 71, 83, 82, 91, 92, 12]",112.0,12
2,1,"[2, 11, 37, 33, 12, 13, 0, 14, 3, 18, 35, 31, 1]","[15, 57, 102, 61, 60, 2, 3, 19, 20, 71, 98, 12]",122.0,12
2,1,"[2, 11, 37, 33, 12, 13, 0, 14, 3, 18, 35, 23, 29, 28, 31, 1]","[15, 57, 102, 61, 60, 2, 3, 19, 20, 71, 83, 82, 91, 92, 12]",138.0,15
2,1,"[2, 17, 16, 0, 14, 3, 18, 35, 31, 28, 19, 30, 38, 36, 21, 1]","[16, 67, 5, 3, 19, 20, 71, 98, 92, 73, 74, 95, 106, 78, 11]",139.0,15
2,1,"[2, 17, 16, 0, 14, 3, 18, 35, 23, 27, 8, 30, 19, 28, 31, 1]","[16, 67, 5, 3, 19, 20, 71, 83, 81, 43, 44, 74, 73, 92, 12]",140.0,15
2,1,"[2, 17, 16, 0, 14, 3, 18, 35, 23, 29, 28, 19, 30, 38, 36, 21, 1]","[16, 67, 5, 3, 19, 20, 71, 83, 82, 91, 73, 74, 95, 106, 78, 11]",149.0,16
2,1,"[2, 17, 22, 20, 15, 0, 13, 12, 33, 37, 11, 1]","[16, 69, 76, 65, 4, 2, 60, 61, 102, 57, 9]",150.0,11
2,1,"[2, 17, 22, 20, 15, 0, 14, 3, 18, 35, 31, 1]","[16, 69, 76, 65, 4, 3, 19, 20, 71, 98, 12]",156.0,11
2,1,"[2, 11, 37, 33, 12, 13, 0, 14, 3, 18, 35, 31, 28, 19, 30, 38, 36, 21, 1]","[15, 57, 102, 61, 60, 2, 3, 19, 20, 71, 98, 92, 73, 74, 95, 106, 78, 11]",165.0,18
2,1,"[2, 11, 37, 33, 12, 13, 0, 14, 3, 18, 35, 23, 27, 8, 30, 19, 28, 31, 1]","[15, 57, 102, 61, 60, 2, 3, 19, 20, 71, 83, 81, 43, 44, 74, 73, 92, 12]",166.0,18
2,1,"[2, 17, 16, 0, 14, 3, 18, 35, 23, 27, 8, 30, 38, 36, 21, 1]","[16, 67, 5, 3, 19, 20, 71, 83, 81, 43, 44, 95, 106, 78, 11]",169.0,15
2,1,"[2, 17, 22, 20, 15, 0, 14, 3, 18, 35, 23, 29, 28, 31, 1]","[16, 69, 76, 65, 4, 3, 19, 20, 71, 83, 82, 91, 92, 12]",172.0,14
2,1,"[2, 11, 37, 33, 12, 13, 0, 14, 3, 18, 35, 23, 29, 28, 19, 30, 38, 36, 21, 1]","[15, 57, 102, 61, 60, 2, 3, 19, 20, 71, 83, 82, 91, 73, 74, 95, 106, 78, 11]",175.0,19
2,1,"[2, 17, 16, 0, 14, 3, 18, 35, 31, 28, 29, 23, 27, 8, 30, 38, 36, 21, 1]","[16, 67, 5, 3, 19, 20, 71, 98, 92, 91, 82, 81, 43, 44, 95, 106, 78, 11]",191.0,18
2,3,"[2, 11, 1, 31, 35, 18, 3]","[15, 9, 12, 98, 71, 20]",50.0,6
2,3,"[2, 11, 1, 12, 13, 0, 14, 3]","[15, 9, 10, 60, 2, 3, 19]",55.0,7
2,3,"[2, 17, 16, 0, 14, 3]","[16, 67, 5, 3, 19]",60.0,5
2,3,"[2, 11, 1, 31, 28, 29, 23, 35, 18, 3]","[15, 9, 12, 92, 91, 82, 83, 71, 20]",66.0,9
2,3,"[2, 17, 16, 0, 13, 12, 1, 31, 35, 18, 3]","[16, 67, 5, 2, 60, 10, 12, 98, 71, 20]",85.0,10
2,3,"[2, 11, 37, 33, 12, 13, 0, 14, 3]","[15, 57, 102, 61, 60, 2, 3, 19]",86.0,8
2,3,"[2, 11, 37, 33, 12, 1, 31, 35, 18, 3]","[15, 57, 102, 61, 10, 12, 98, 71, 20]",91.0,9
2,3,"[2, 11, 1, 21, 36, 38, 30, 19, 28, 31, 35, 18, 3]","[15, 9, 11, 78, 106, 95, 74, 73, 92, 98, 71, 20]",93.0,12
2,3,"[2, 11, 1, 31, 28, 19, 30, 8, 27, 23, 35, 18, 3]","[15, 9, 12, 92, 73, 74, 44, 43, 81, 83, 71, 20]",94.0,12
2,3,"[2, 17, 16, 0, 13, 12, 1, 31, 28, 29, 23, 35, 18, 3]","[16, 67, 5, 2, 60, 10, 12, 92, 91, 82, 83, 71, 20]",101.0,13
2,3,"[2, 11, 1, 21, 36, 38, 30, 19, 28, 29, 23, 35, 18, 3]","[15, 9, 11, 78, 106, 95, 74, 73, 91, 82, 83, 71, 20]",103.0,13
2,3,"[2, 11, 37, 33, 12, 1, 31, 28, 29, 23, 35, 18, 3]","[15, 57, 102, 61, 10, 12, 92, 91, 82, 83, 71, 20]",107.0,12
2,3,"[2, 17, 22, 20, 15, 0, 14, 3]","[16, 69, 76, 65, 4, 3, 19]",120.0,7
2,3,"[2, 11, 1, 21, 36, 38, 30, 8, 27, 23, 35, 18, 3]","[15, 9, 11, 78, 106, 95, 44, 43, 81, 83, 71, 20]",123.0,12
2,3,"[2, 17, 16, 0, 13, 12, 33, 37, 11, 1, 31, 35, 18, 3]","[16, 67, 5, 2, 60, 61, 102, 57, 9, 12, 98, 71, 20]",126.0,13
2,3,"[2, 17, 16, 0, 13, 12, 1, 21, 36, 38, 30, 19, 28, 31, 35, 18, 3]","[16, 67, 5, 2, 60, 10, 11, 78, 106, 95, 74, 73, 92, 98, 71, 20]",128.0,16
2,3,"[2, 17, 16, 0, 13, 12, 1, 31, 28, 19, 30, 8, 27, 23, 35, 18, 3]","[16, 67, 5, 2, 60, 10, 12, 92, 73, 74, 44, 43, 81, 83, 71, 20]",129.0,16
2,3,"[2, 11, 37, 33, 12, 1, 21, 36, 38, 30, 19, 28, 31, 35, 18, 3]","[15, 57, 102, 61, 10, 11, 78, 106, 95, 74, 73, 92, 98, 71, 20]",134.0,15
2,3,"[2, 11, 37, 33, 12, 1, 31, 28, 19, 30, 8, 27, 23, 35, 18, 3]","[15, 57, 102, 61, 10, 12, 92, 73, 74, 44, 43, 81, 83, 71, 20]",135.0,15
2,3,"[2, 17, 16, 0, 13, 12, 1, 21, 36, 38, 30, 19, 28, 29, 23, 35, 18, 3]","[16, 67, 5, 2, 60, 10, 11, 78, 106, 95, 74, 73, 91, 82, 83, 71, 20]",138.0,17
2,4,"[2, 11, 1, 31, 28, 19, 30, 8, 24, 4]","[15, 9, 12, 92, 73, 74, 44, 42, 25]",53.12,9
2,4,"[2, 11, 1, 31, 35, 23, 29, 28, 19, 30, 8, 24, 4]","[15, 9, 12, 98, 83, 82, 91, 73, 74, 44, 42, 25]",77.12,12
2,4,"[2, 11, 1, 31, 35, 23, 27, 8, 24, 4]","[15, 9, 12, 98, 83, 81, 43, 42, 25]",79.12,9
2,4,"[2, 11, 1, 21, 36, 38, 30, 8, 24, 4]","[15, 9, 11, 78, 106, 95, 44, 42, 25]",82.12,9
2,4,"[2, 11, 1, 31, 28, 29, 23, 27, 8, 24, 4]","[15, 9, 12, 92, 91, 82, 81, 43, 42, 25]",87.12,10
2,4,"[2, 17, 16, 0, 13, 12, 1, 31, 28, 19, 30, 8, 24, 4]","[16, 67, 5, 2, 60, 10, 12, 92, 73, 74, 44, 42, 25]",88.12,13
2,4,"[2, 11, 37, 33, 12, 1, 31, 28, 19, 30, 8, 24, 4]","[15, 57, 102, 61, 10, 12, 92, 73, 74, 44, 42, 25]",94.12,12
2,4,"[2, 17, 16, 0, 13, 12, 1, 31, 35, 23, 29, 28, 19, 30, 8, 24, 4]","[16, 67, 5, 2, 60, 10, 12, 98, 83, 82, 91, 73, 74, 44, 42, 25]",112.12,16
2,4,"[2, 17, 16, 0, 13, 12, 1, 31, 35, 23, 27, 8, 24, 4]","[16, 67, 5, 2, 60, 10, 12, 98, 83, 81, 43, 42, 25]",114.12,13
2,4,"[2, 17, 16, 0, 13, 12, 1, 21, 36, 38, 30, 8, 24, 4]","[16, 67, 5, 2, 60, 10, 11, 78, 106, 95, 44, 42, 25]",117.12,13
2,4,"[2, 11, 37, 33, 12, 1, 31, 35, 23, 29, 28, 19, 30, 8, 24, 4]","[15, 57, 102, 61, 10, 12, 98, 83, 82, 91, 73, 74, 44, 42, 25]",118.12,15
2,4,"[2, 11, 37, 33, 12, 1, 31, 35, 23, 27, 8, 24, 4]","[15, 57, 102, 61, 10, 12, 98, 83, 81, 43, 42, 25]",120.12,12
2,4,"[2, 11, 1, 21, 36, 38, 30, 19, 28, 31, 35, 23, 27, 8, 24, 4]","[15, 9, 11, 78, 106, 95, 74, 73, 92, 98, 83, 81, 43, 42, 25]",122.12,15
2,4,"[2, 17, 16, 0, 13, 12, 1, 31, 28, 29, 23, 27, 8, 24, 4]","[16, 67, 5, 2, 60, 10, 12, 92, 91, 82, 81, 43, 42, 25]",122.12,14
2,4,"[2, 11, 37, 33, 12, 1, 21, 36, 38, 30, 8, 24, 4]","[15, 57, 102, 61, 10, 11, 78, 106, 95, 44, 42, 25]",123.12,12
2,4,"[2, 11, 1, 21, 36, 38, 30, 19, 28, 29, 23, 27, 8, 24, 4]","[15, 9, 11, 78, 106, 95, 74, 73, 91, 82, 81, 43, 42, 25]",124.12,14
2,4,"[2, 11, 1, 12, 13, 0, 14, 3, 18, 35, 31, 28, 19, 30, 8, 24, 4]","[15, 9, 10, 60, 2, 3, 19, 20, 71, 98, 92, 73, 74, 44, 42, 25]",124.12,16
2,4,"[2, 11, 37, 33, 12, 1, 31, 28, 29, 23, 27, 8, 24, 4]","[15, 57, 102, 61, 10, 12, 92, 91, 82, 81, 43, 42, 25]",128.12,13
2,4,"[2, 17, 16, 0, 13, 12, 33, 37, 11, 1, 31, 28, 19, 30, 8, 24, 4]","[16, 67, 5, 2, 60, 61, 102, 57, 9, 12, 92, 73, 74, 44, 42, 25]",129.12,16
2,4,"[2, 17, 16, 0, 14, 3, 18, 35, 31, 28, 19, 30, 8, 24, 4]","[16, 67, 5, 3, 19, 20, 71, 98, 92, 73, 74, 44, 42, 25]",129.12,14
2,5,"[2, 11, 1, 31, 35, 23, 5]","[15, 9, 12, 98, 83, 29]",34.31,6
2,5,"[2, 11, 1, 31, 28, 29, 23, 5]","[15, 9, 12, 92, 91, 82, 29]",42.31,7
2,5,"[2, 17, 16, 0, 13, 12, 1, 31, 35, 23, 5]","[16, 67, 5, 2, 60, 10, 12, 98, 83, 29]",69.31,10
2,5,"[2, 11, 1, 31, 28, 19, 30, 8, 27, 23, 5]","[15, 9, 12, 92, 73, 74, 44, 43, 81, 29]",70.31,10
2,5,"[2, 11, 37, 33, 12, 1, 31, 35, 23, 5]","[15, 57, 102, 61, 10, 12, 98, 83, 29]",75.31,9
2,5,"[2, 11, 1, 21, 36, 38, 30, 19, 28, 31, 35, 23, 5]","[15, 9, 11, 78, 106, 95, 74, 73, 92, 98, 83, 29]",77.31,12
2,5,"[2, 17, 16, 0, 13, 12, 1, 31, 28, 29, 23, 5]","[16, 67, 5, 2, 60, 10, 12, 92, 91, 82, 29]",77.31,11
2,5,"[2, 11, 1, 21, 36, 38, 30, 19, 28, 29, 23, 5]","[15, 9, 11, 78, 106, 95, 74, 73, 91, 82, 29]",79.31,11
2,5,"[2, 11, 37, 33, 12, 1, 31, 28, 29, 23, 5]","[15, 57, 102, 61, 10, 12, 92, 91, 82, 29]",83.31,10
2,5,"[2, 11, 1, 12, 13, 0, 14, 3, 18, 35, 23, 5]","[15, 9, 10, 60, 2, 3, 19, 20, 71, 83, 29]",91.31,11
2,5,"[2, 17, 16, 0, 14, 3, 18, 35, 23, 5]","[16, 67, 5, 3, 19, 20, 71, 83, 29]",96.31,9
2,5,"[2, 11, 1, 21, 36, 38, 30, 8, 27, 23, 5]","[15, 9, 11, 78, 106, 95, 44, 43, 81, 29]",99.31,10
2,5,"[2, 17, 16, 0, 13, 12, 1, 31, 28, 19, 30, 8, 27, 23, 5]","[16, 67, 5, 2, 60, 10, 12, 92, 73, 74, 44, 43, 81, 29]",105.31,14
2,5,"[2, 17, 16, 0, 13, 12, 33, 37, 11, 1, 31, 35, 23, 5]","[16, 67, 5, 2, 60, 61, 102, 57, 9, 12, 98, 83, 29]",110.31,13
2,5,"[2, 11, 37, 33, 12, 1, 31, 28, 19, 30, 8, 27, 23, 5]","[15, 57, 102, 61, 10, 12, 92, 73, 74, 44, 43, 81, 29]",111.31,13
2,5,"[2, 17, 16, 0, 13, 12, 1, 21, 36, 38, 30, 19, 28, 31, 35, 23, 5]","[16, 67, 5, 2, 60, 10, 11, 78, 106, 95, 74, 73, 92, 98, 83, 29]",112.31,16
2,5,"[2, 11, 1, 12, 13, 0, 14, 3, 18, 35, 31, 28, 29, 23, 5]","[15, 9, 10, 60, 2, 3, 19, 20, 71, 98, 92, 91, 82, 29]",113.31,14
2,5,"[2, 17, 16, 0, 13, 12, 1, 21, 36, 38, 30, 19, 28, 29, 23, 5]","[16, 67, 5, 2, 60, 10, 11, 78, 106, 95, 74, 73, 91, 82, 29]",114.31,15
2,5,"[2, 11, 37, 33, 12, 1, 21, 36, 38, 30, 19, 28, 31, 35, 23, 5]","[15, 57, 102, 61, 10, 11, 78, 106, 95, 74, 73, 92, 98, 83, 29]",118.31,15
2,5,"[2, 17, 16, 0, 13, 12, 33, 37, 11, 1, 31, 28, 29, 23, 5]","[16, 67, 5, 2, 60, 61, 102, 57, 9, 12, 92, 91, 82, 29]",118.31,14
3,0,"[3, 14, 0]","[19, 3]",26.0,2
3,0,"[3, 18, 35, 31, 1, 12, 13, 0]","[20, 71, 98, 12, 10, 60, 2]",51.0,7
3,0,"[3, 18, 35, 23, 29, 28, 31, 1, 12, 13, 0]","[20, 71, 83, 82, 91, 92, 12, 10, 60, 2]",67.0,10
3,0,"[3, 18, 35, 31, 1, 11, 2, 17, 16, 0]","[20, 71, 98, 12, 9, 15, 16, 67, 5]",84.0,9
3,0,"[3, 18, 35, 31, 1, 11, 37, 33, 12, 13, 0]","[20, 71, 98, 12, 9, 57, 102, 61, 60, 2]",92.0,10
3,0,"[3, 18, 35, 31, 28, 19, 30, 38, 36, 21, 1, 12, 13, 0]","[20, 71, 98, 92, 73, 74, 95, 106, 78, 11, 10, 60, 2]",94.0,13
3,0,"[3, 18, 35, 23, 27, 8, 30, 19, 28, 31, 1, 12, 13, 0]","[20, 71, 83, 81, 43, 44, 74, 73, 92, 12, 10, 60, 2]",95.0,13
3,0,"[3, 18, 35, 23, 29, 28, 31, 1, 11, 2, 17, 16, 0]","[20, 71, 83, 82, 91, 92, 12, 9, 15, 16, 67, 5]",100.0,12
3,0,"[3, 18, 35, 23, 29, 28, 19, 30, 38, 36, 21, 1, 12, 13, 0]","[20, 71, 83, 82, 91, 73, 74, 95, 106, 78, 11, 10, 60, 2]",104.0,14
3,0,"[3, 18, 35, 23, 29, 28, 31, 1, 11, 37, 33, 12, 13, 0]","[20, 71, 83, 82, 91, 92, 12, 9, 57, 102, 61, 60, 2]",108.0,13
3,0,"[3, 18, 35, 23, 27, 8, 30, 38, 36, 21, 1, 12, 13, 0]","[20, 71, 83, 81, 43, 44, 95, 106, 78, 11, 10, 60, 2]",124.0,13
3,0,"[3, 18, 35, 31, 1, 12, 33, 37, 11, 2, 17, 16, 0]","[20, 71, 98, 12, 10, 61, 102, 57, 15, 16, 67, 5]",125.0,12
3,0,"[3, 18, 35, 31, 28, 19, 30, 38, 36, 21, 1, 11, 2, 17, 16, 0]","[20, 71, 98, 92, 73, 74, 95, 106, 78, 11, 9, 15, 16, 67, 5]",127.0,15
3,0,"[3, 18, 35, 23, 27, 8, 30, 19, 28, 31, 1, 11, 2, 17, 16, 0]","[20, 71, 83, 81, 43, 44, 74, 73, 92, 12, 9, 15, 16, 67, 5]",128.0,15
3,0,"[3, 18, 35, 31, 28, 19, 30, 38, 36, 21, 1, 11, 37, 33, 12, 13, 0]","[20, 71, 98, 92, 73, 74, 95, 106, 78, 11, 9, 57, 102, 61, 60, 2]",135.0,16
3,0,"[3, 18, 35, 23, 27, 8, 30, 19, 28, 31, 1, 11, 37, 33, 12, 13, 0]","[20, 71, 83, 81, 43, 44, 74, 73, 92, 12, 9, 57, 102, 61, 60, 2]",136.0,16
3,0,"[3, 18, 35, 23, 29, 28, 19, 30, 38, 36, 21, 1, 11, 2, 17, 16, 0]","[20, 71, 83, 82, 91, 73, 74, 95, 106, 78, 11, 9, 15, 16, 67, 5]",137.0,16
3,0,"[3, 18, 35, 23, 29, 28, 31, 1, 12, 33, 37, 11, 2, 17, 16, 0]","[20, 71, 83, 82, 91, 92, 12, 10, 61, 102, 57, 15, 16, 67, 5]",141.0,15
3,0,"[3, 18, 35, 31, 1, 11, 2, 17, 22, 20, 15, 0]","[20, 71, 98, 12, 9, 15, 16, 69, 76, 65, 4]",144.0,11
3,0,"[3, 18, 35, 23, 29, 28, 19, 30, 38, 36, 21, 1, 11, 37, 33, 12, 13, 0]","[20, 71, 83, 82, 91, 73, 74, 95, 106, 78, 11, 9, 57, 102, 61, 60, 2]",145.0,17
3,1,"[3, 18, 35, 31, 1]","[20, 71, 98, 12]",36.0,4
3,1,"[3, 14, 0, 13, 12, 1]","[19, 3, 2, 60, 10]",41.0,5
3,1,"[3, 18, 35, 23, 29, 28, 31, 1]","[20, 71, 83, 82, 91, 92, 12]",52.0,7
3,1,"[3, 14, 0, 16, 17, 2, 11, 1]","[19, 3, 5, 67, 16, 15, 9]",74.0,7
3,1,"[3, 18, 35, 31, 28, 19, 30, 38, 36, 21, 1]","[20, 71, 98, 92, 73, 74, 95, 106, 78, 11]",79.0,10
3,1,"[3, 18, 35, 23, 27, 8, 30, 19, 28, 31, 1]","[20, 71, 83, 81, 43, 44, 74, 73, 92, 12]",80.0,10
3,1,"[3, 14, 0, 13, 12, 33, 37, 11, 1]","[19, 3, 2, 60, 61, 102, 57, 9]",82.0,8
3,1,"[3, 18, 35, 23, 29, 28, 19, 30, 38, 36, 21, 1]","[20, 71, 83, 82, 91, 73, 74, 95, 106, 78, 11]",89.0,11
3,1,"[3, 18, 35, 23, 27, 8, 30, 38, 36, 21, 1]","[20, 71, 83, 81, 43, 44, 95, 106, 78, 11]",109.0,10
3,1,"[3, 14, 0, 16, 17, 2, 11, 37, 33, 12, 1]","[19, 3, 5, 67, 16, 15, 57, 102, 61, 10]",115.0,10
3,1,"[3, 18, 35, 31, 28, 29, 23, 27, 8, 30, 38, 36, 21, 1]","[20, 71, 98, 92, 91, 82, 81, 43, 44, 95, 106, 78, 11]",131.0,13
3,1,"[3, 14, 0, 15, 20, 22, 17, 2, 11, 1]","[19, 3, 4, 65, 76, 69, 16, 15, 9]",134.0,9
3,1,"[3, 14, 0, 15, 20, 22, 17, 2, 11, 37, 33, 12, 1]","[19, 3, 4, 65, 76, 69, 16, 15, 57, 102, 61, 10]",175.0,12
3,2,"[3, 18, 35, 31, 1, 11, 2]","[20, 71, 98, 12, 9, 15]",50.0,6
3,2,"[3, 14, 0, 13, 12, 1, 11, 2]","[19, 3, 2, 60, 10, 9, 15]",55.0,7
3,2,"[3, 14, 0, 16, 17, 2]","[19, 3, 5, 67, 16]",60.0,5
3,2,"[3, 18, 35, 23, 29, 28, 31, 1, 11, 2]","[20, 71, 83, 82, 91, 92, 12, 9, 15]",66.0,9
3,2,"[3, 18, 35, 31, 1, 12, 13, 0, 16, 17, 2]","[20, 71, 98, 12, 10, 60, 2, 5, 67, 16]",85.0,10
3,2,"[3, 14, 0, 13, 12, 33, 37, 11, 2]","[19, 3, 2, 60, 61, 102, 57, 15]",86.0,8
3,2,"[3, 18, 35, 31, 1, 12, 33, 37, 11, 2]","[20, 71, 98, 12, 10, 61, 102, 57, 15]",91.0,9
3,2,"[3, 18, 35, 31, 28, 19, 30, 38, 36, 21, 1, 11, 2]","[20, 71, 98, 92, 73, 74, 95, 106, 78, 11, 9, 15]",93.0,12
3,2,"[3, 18, 35, 23, 27, 8, 30, 19, 28, 31, 1, 11, 2]","[20, 71, 83, 81, 43, 44, 74, 73, 92, 12, 9, 15]",94.0,12
3,2,"[3, 18, 35, 23, 29, 28, 31, 1, 12, 13, 0, 16, 17, 2]","[20, 71, 83, 82, 91, 92, 12, 10, 60, 2, 5, 67, 16]",101.0,13
3,2,"[3, 18, 35, 23, 29, 28, 19, 30, 38, 36, 21, 1, 11, 2]","[20, 71, 83, 82, 91, 73, 74, 95, 106, 78, 11, 9, 15]",103.0,13
3,2,"[3, 18, 35, 23, 29, 28, 31, 1, 12, 33, 37, 11, 2]","[20, 71, 83, 82, 91, 92, 12, 10, 61, 102, 57, 15]",107.0,12
3,2,"[3, 14, 0, 15, 20, 22, 17, 2]","[19, 3, 4, 65, 76, 69, 16]",120.0,7
3,2,"[3, 18, 35, 23, 27, 8, 30, 38, 36, 21, 1, 11, 2]","[20, 71, 83, 81, 43, 44, 95, 106, 78, 11, 9, 15]",123.0,12
3,2,"[3, 18, 35, 31, 1, 11, 37, 33, 12, 13, 0, 16, 17, 2]","[20, 71, 98, 12, 9, 57, 102, 61, 60, 2, 5, 67, 16]",126.0,13
3,2,"[3, 18, 35, 31, 28, 19, 30, 38, 36, 21, 1, 12, 13, 0, 16, 17, 2]","[20, 71, 98, 92, 73, 74, 95, 106, 78, 11, 10, 60, 2, 5, 67, 16]",128.0,16
3,2,"[3, 18, 35, 23, 27, 8, 30, 19, 28, 31, 1, 12, 13, 0, 16, 17, 2]","[20, 71, 83, 81, 43, 44, 74, 73, 92, 12, 10, 60, 2, 5, 67, 16]",129.0,16
3,2,"[3, 18, 35, 31, 28, 19, 30, 38, 36, 21, 1, 12, 33, 37, 11, 2]","[20, 71, 98, 92, 73, 74, 95, 106, 78, 11, 10, 61, 102, 57, 15]",134.0,15
3,2,"[3, 18, 35, 23, 27, 8, 30, 19, 28, 31, 1, 12, 33, 37, 11, 2]","[20, 71, 83, 81, 43, 44, 74, 73, 92, 12, 10, 61, 102, 57, 15]",135.0,15
3,2,"[3, 18, 35, 23, 29, 28, 19, 30, 38, 36, 21, 1, 12, 13, 0, 16, 17, 2]","[20, 71, 83, 82, 91, 73, 74, 95, 106, 78, 11, 10, 60, 2, 5, 67, 16]",138.0,17
3,4,"[3, 18, 35, 31, 28, 19, 30, 8, 24, 4]","[20, 71, 98, 92, 73, 74, 44, 42, 25]",69.12,9
3,4,"[3, 18, 35, 23, 29, 28, 19, 30, 8, 24, 4]","[20, 71, 83, 82, 91, 73, 74, 44, 42, 25]",79.12,10
3,4,"[3, 14, 0, 13, 12, 1, 31, 28, 19, 30, 8, 24, 4]","[19, 3, 2, 60, 10, 12, 92, 73, 74, 44, 42, 25]",80.12,12
3,4,"[3, 18, 35, 23, 27, 8, 24, 4]","[20, 71, 83, 81, 43, 42, 25]",81.12,7
3,4,"[3, 18, 35, 31, 28, 29, 23, 27, 8, 24, 4]","[20, 71, 98, 92, 91, 82, 81, 43, 42, 25]",103.12,10
3,4,"[3, 18, 35, 31, 1, 21, 36, 38, 30, 8, 24, 4]","[20, 71, 98, 12, 11, 78, 106, 95, 44, 42, 25]",104.12,11
3,4,"[3, 14, 0, 13, 12, 1, 31, 35, 23, 29, 28, 19, 30, 8, 24, 4]","[19, 3, 2, 60, 10, 12, 98, 83, 82, 91, 73, 74, 44, 42, 25]",104.12,15
3,4,"[3, 14, 0, 13, 12, 1, 31, 35, 23, 27, 8, 24, 4]","[19, 3, 2, 60, 10, 12, 98, 83, 81, 43, 42, 25]",106.12,12
3,4,"[3, 14, 0, 13, 12, 1, 21, 36, 38, 30, 8, 24, 4]","[19, 3, 2, 60, 10, 11, 78, 106, 95, 44, 42, 25]",109.12,12
3,4,"[3, 14, 0, 16, 17, 2, 11, 1, 31, 28, 19, 30, 8, 24, 4]","[19, 3, 5, 67, 16, 15, 9, 12, 92, 73, 74, 44, 42, 25]",113.12,14
3,4,"[3, 14, 0, 13, 12, 1, 31, 28, 29, 23, 27, 8, 24, 4]","[19, 3, 2, 60, 10, 12, 92, 91, 82, 81, 43, 42, 25]",114.12,13
3,4,"[3, 18, 35, 23, 29, 28, 31, 1, 21, 36, 38, 30, 8, 24, 4]","[20, 71, 83, 82, 91, 92, 12, 11, 78, 106, 95, 44, 42, 25]",120.12,14
3,4,"[3, 14, 0, 13, 12, 33, 37, 11, 1, 31, 28, 19, 30, 8, 24, 4]","[19, 3, 2, 60, 61, 102, 57, 9, 12, 92, 73, 74, 44, 42, 25]",121.12,15
3,4,"[3, 14, 0, 16, 17, 2, 11, 1, 31, 35, 23, 29, 28, 19, 30, 8, 24, 4]","[19, 3, 5, 67, 16, 15, 9, 12, 98, 83, 82, 91, 73, 74, 44, 42, 25]",137.12,17
3,4,"[3, 14, 0, 16, 17, 2, 11, 1, 31, 35, 23, 27, 8, 24, 4]","[19, 3, 5, 67, 16, 15, 9, 12, 98, 83, 81, 43, 42, 25]",139.12,14
3,4,"[3, 14, 0, 16, 17, 2, 11, 1, 21, 36, 38, 30, 8, 24, 4]","[19, 3, 5, 67, 16, 15, 9, 11, 78, 106, 95, 44, 42, 25]",142.12,14
3,4,"[3, 14, 0, 13, 12, 33, 37, 11, 1, 31, 35, 23, 29, 28, 19, 30, 8, 24, 4]","[19, 3, 2, 60, 61, 102, 57, 9, 12, 98, 83, 82, 91, 73, 74, 44, 42, 25]",145.12,18
3,4,"[3, 18, 35, 31, 1, 21, 36, 38, 30, 19, 28, 29, 23, 27, 8, 24, 4]","[20, 71, 98, 12, 11, 78, 106, 95, 74, 73, 91, 82, 81, 43, 42, 25]",146.12,16
3,4,"[3, 14, 0, 13, 12, 33, 37, 11, 1, 31, 35, 23, 27, 8, 24, 4]","[19, 3, 2, 60, 61, 102, 57, 9, 12, 98, 83, 81, 43, 42, 25]",147.12,15
3,4,"[3, 14, 0, 16, 17, 2, 11, 1, 31, 28, 29, 23, 27, 8, 24, 4]","[19, 3, 5, 67, 16, 15, 9, 12, 92, 91, 82, 81, 43, 42, 25]",147.12,15
3,5,"[3, 18, 35, 23, 5]","[20, 71, 83, 29]",36.31,4
3,5,"[3, 18, 35, 31, 28, 29, 23, 5]","[20, 71, 98, 92, 91, 82, 29]",58.31,7
3,5,"[3, 14, 0, 13, 12, 1, 31, 35, 23, 5]","[19, 3, 2, 60, 10, 12, 98, 83, 29]",61.31,9
3,5,"[3, 14, 0, 13, 12, 1, 31, 28, 29, 23, 5]","[19, 3, 2, 60, 10, 12, 92, 91, 82, 29]",69.31,10
3,5,"[3, 18, 35, 31, 28, 19, 30, 8, 27, 23, 5]","[20, 71, 98, 92, 73, 74, 44, 43, 81, 29]",86.31,10
3,5,"[3, 14, 0, 16, 17, 2, 11, 1, 31, 35, 23, 5]","[19, 3, 5, 67, 16, 15, 9, 12, 98, 83, 29]",94.31,11
3,5,"[3, 14, 0, 13, 12, 1, 31, 28, 19, 30, 8, 27, 23, 5]","[19, 3, 2, 60, 10, 12, 92, 73, 74, 44, 43, 81, 29]",97.31,13
3,5,"[3, 18, 35, 31, 1, 21, 36, 38, 30, 19, 28, 29, 23, 5]","[20, 71, 98, 12, 11, 78, 106, 95, 74, 73, 91, 82, 29]",101.31,13
3,5,"[3, 14, 0, 16, 17, 2, 11, 1, 31, 28, 29, 23, 5]","[19, 3, 5, 67, 16, 15, 9, 12, 92, 91, 82, 29]",102.31,12
3,5,"[3, 14, 0, 13, 12, 33, 37, 11, 1, 31, 35, 23, 5]","[19, 3, 2, 60, 61, 102, 57, 9, 12, 98, 83, 29]",102.31,12
3,5,"[3, 14, 0, 13, 12, 1, 21, 36, 38, 30, 19, 28, 31, 35, 23, 5]","[19, 3, 2, 60, 10, 11, 78, 106, 95, 74, 73, 92, 98, 83, 29]",104.31,15
3,5,"[3, 14, 0, 13, 12, 1, 21, 36, 38, 30, 19, 28, 29, 23, 5]","[19, 3, 2, 60, 10, 11, 78, 106, 95, 74, 73, 91, 82, 29]",106.31,14
3,5,"[3, 14, 0, 13, 12, 33, 37, 11, 1, 31, 28, 29, 23, 5]","[19, 3, 2, 60, 61, 102, 57, 9, 12, 92, 91, 82, 29]",110.31,13
3,5,"[3, 18, 35, 31, 1, 21, 36, 38, 30, 8, 27, 23, 5]","[20, 71, 98, 12, 11, 78, 106, 95, 44, 43, 81, 29]",121.31,12
3,5,"[3, 14, 0, 13, 12, 1, 21, 36, 38, 30, 8, 27, 23, 5]","[19, 3, 2, 60, 10, 11, 78, 106, 95, 44, 43, 81, 29]",126.31,13
3,5,"[3, 14, 0, 16, 17, 2, 11, 1, 31, 28, 19, 30, 8, 27, 23, 5]","[19, 3, 5, 67, 16, 15, 9, 12, 92, 73, 74, 44, 43, 81, 29]",130.31,15
3,5,"[3, 14, 0, 16, 17, 2, 11, 37, 33, 12, 1, 31, 35, 23, 5]","[19, 3, 5, 67, 16, 15, 57, 102, 61, 10, 12, 98, 83, 29]",135.31,14
3,5,"[3, 14, 0, 16, 17, 2, 11, 1, 21, 36, 38, 30, 19, 28, 31, 35, 23, 5]","[19, 3, 5, 67, 16, 15, 9, 11, 78, 106, 95, 74, 73, 92, 98, 83, 29]",137.31,17
3,5,"[3, 14, 0, 13, 12, 33, 37, 11, 1, 31, 28, 19, 30, 8, 27, 23, 5]","[19, 3, 2, 60, 61, 102, 57, 9, 12, 92, 73, 74, 44, 43, 81, 29]",138.31,16
3,5,"[3, 14, 0, 16, 17, 2, 11, 1, 21, 36, 38, 30, 19, 28, 29, 23, 5]","[19, 3, 5, 67, 16, 15, 9, 11, 78, 106, 95, 74, 73, 91, 82, 29]",139.31,16
4,0,"[4, 24, 8, 30, 19, 28, 31, 1, 12, 13, 0]","[25, 42, 44, 74, 73, 92, 12, 10, 60, 2]",54.12,10
4,0,"[4, 24, 8, 30, 19, 28, 29, 23, 35, 31, 1, 12, 13, 0]","[25, 42, 44, 74, 73, 91, 82, 83, 98, 12, 10, 60, 2]",78.12,13
4,0,"[4, 24, 8, 27, 23, 35, 31, 1, 12, 13, 0]","[25, 42, 43, 81, 83, 98, 12, 10, 60, 2]",80.12,10
4,0,"[4, 24, 8, 30, 38, 36, 21, 1, 12, 13, 0]","[25, 42, 44, 95, 106, 78, 11, 10, 60, 2]",83.12,10
4,0,"[4, 24, 8, 30, 19, 28, 31, 1, 11, 2, 17, 16, 0]","[25, 42, 44, 74, 73, 92, 12, 9, 15, 16, 67, 5]",87.12,12
4,0,"[4, 24, 8, 27, 23, 29, 28, 31, 1, 12, 13, 0]","[25, 42, 43, 81, 82, 91, 92, 12, 10, 60, 2]",88.12,11
4,0,"[4, 24, 8, 30, 19, 28, 31, 35, 18, 3, 14, 0]","[25, 42, 44, 74, 73, 92, 98, 71, 20, 19, 3]",95.12,11
4,0,"[4, 24, 8, 30, 19, 28, 31, 1, 11, 37, 33, 12, 13, 0]","[25, 42, 44, 74, 73, 92, 12, 9, 57, 102, 61, 60, 2]",95.12,13
4,0,"[4, 24, 8, 30, 19, 28, 29, 23, 35, 18, 3, 14, 0]","[25, 42, 44, 74, 73, 91, 82, 83, 71, 20, 19, 3]",105.12,12
4,0,"[4, 24, 8, 27, 23, 35, 18, 3, 14, 0]","[25, 42, 43, 81, 83, 71, 20, 19, 3]",107.12,9
4,0,"[4, 24, 8, 30, 19, 28, 29, 23, 35, 31, 1, 11, 2, 17, 16, 0]","[25, 42, 44, 74, 73, 91, 82, 83, 98, 12, 9, 15, 16, 67, 5]",111.12,15
4,0,"[4, 24, 8, 27, 23, 35, 31, 1, 11, 2, 17, 16, 0]","[25, 42, 43, 81, 83, 98, 12, 9, 15, 16, 67, 5]",113.12,12
4,0,"[4, 24, 8, 30, 38, 36, 21, 1, 11, 2, 17, 16, 0]","[25, 42, 44, 95, 106, 78, 11, 9, 15, 16, 67, 5]",116.12,12
4,0,"[4, 24, 8, 30, 19, 28, 29, 23, 35, 31, 1, 11, 37, 33, 12, 13, 0]","[25, 42, 44, 74, 73, 91, 82, 83, 98, 12, 9, 57, 102, 61, 60, 2]",119.12,16
4,0,"[4, 24, 8, 27, 23, 35, 31, 1, 11, 37, 33, 12, 13, 0]","[25, 42, 43, 81, 83, 98, 12, 9, 57, 102, 61, 60, 2]",121.12,13
4,0,"[4, 24, 8, 27, 23, 29, 28, 31, 1, 11, 2, 17, 16, 0]","[25, 42, 43, 81, 82, 91, 92, 12, 9, 15, 16, 67, 5]",121.12,13
4,0,"[4, 24, 8, 27, 23, 35, 31, 28, 19, 30, 38, 36, 21, 1, 12, 13, 0]","[25, 42, 43, 81, 83, 98, 92, 73, 74, 95, 106, 78, 11, 10, 60, 2]",123.12,16
4,0,"[4, 24, 8, 30, 38, 36, 21, 1, 11, 37, 33, 12, 13, 0]","[25, 42, 44, 95, 106, 78, 11, 9, 57, 102, 61, 60, 2]",124.12,13
4,0,"[4, 24, 8, 27, 23, 29, 28, 19, 30, 38, 36, 21, 1, 12, 13, 0]","[25, 42, 43, 81, 82, 91, 73, 74, 95, 106, 78, 11, 10, 60, 2]",125.12,15
4,0,"[4, 24, 8, 30, 19, 28, 31, 1, 12, 33, 37, 11, 2, 17, 16, 0]","[25, 42, 44, 74, 73, 92, 12, 10, 61, 102, 57, 15, 16, 67, 5]",128.12,15
4,1,"[4, 24, 8, 30, 19, 28, 31, 1]","[25, 42, 44, 74, 73, 92, 12]",39.12,7
4,1,"[4, 24, 8, 30, 19, 28, 29, 23, 35, 31, 1]","[25, 42, 44, 74, 73, 91, 82, 83, 98, 12]",63.12,10
4,1,"[4, 24, 8, 27, 23, 35, 31, 1]","[25, 42, 43, 81, 83, 98, 12]",65.12,7
4,1,"[4, 24, 8, 30, 38, 36, 21, 1]","[25, 42, 44, 95, 106, 78, 11]",68.12,7
4,1,"[4, 24, 8, 27, 23, 29, 28, 31, 1]","[25, 42, 43, 81, 82, 91, 92, 12]",73.12,8
4,1,"[4, 24, 8, 27, 23, 35, 31, 28, 19, 30, 38, 36, 21, 1]","[25, 42, 43, 81, 83, 98, 92, 73, 74, 95, 106, 78, 11]",108.12,13
4,1,"[4, 24, 8, 30, 19, 28, 31, 35, 18, 3, 14, 0, 13, 12, 1]","[25, 42, 44, 74, 73, 92, 98, 71, 20, 19, 3, 2, 60, 10]",110.12,14
4,1,"[4, 24, 8, 27, 23, 29, 28, 19, 30, 38, 36, 21, 1]","[25, 42, 43, 81, 82, 91, 73, 74, 95, 106, 78, 11]",110.12,12
4,1,"[4, 24, 8, 30, 19, 28, 29, 23, 35, 18, 3, 14, 0, 13, 12, 1]","[25, 42, 44, 74, 73, 91, 82, 83, 71, 20, 19, 3, 2, 60, 10]",120.12,15
4,1,"[4, 24, 8, 27, 23, 35, 18, 3, 14, 0, 13, 12, 1]","[25, 42, 43, 81, 83, 71, 20, 19, 3, 2, 60, 10]",122.12,12
4,1,"[4, 26, 7, 6, 9, 25, 24, 8, 30, 19, 28, 31, 1]","[26, 40, 35, 36, 47, 85, 42, 44, 74, 73, 92, 12]",137.84,12
4,1,"[4, 24, 8, 30, 19, 28, 31, 35, 18, 3, 14, 0, 16, 17, 2, 11, 1]","[25, 42, 44, 74, 73, 92, 98, 71, 20, 19, 3, 5, 67, 16, 15, 9]",143.12,16
4,1,"[4, 24, 8, 27, 23, 29, 28, 31, 35, 18, 3, 14, 0, 13, 12, 1]","[25, 42, 43, 81, 82, 91, 92, 98, 71, 20, 19, 3, 2, 60, 10]",144.12,15
4,1,"[4, 24, 8, 30, 19, 28, 31, 35, 18, 3, 14, 0, 13, 12, 33, 37, 11, 1]","[25, 42, 44, 74, 73, 92, 98, 71, 20, 19, 3, 2, 60, 61, 102, 57, 9]",151.12,17
4,1,"[4, 24, 8, 30, 19, 28, 29, 23, 35, 18, 3, 14, 0, 16, 17, 2, 11, 1]","[25, 42, 44, 74, 73, 91, 82, 83, 71, 20, 19, 3, 5, 67, 16, 15, 9]",153.12,17
4,1,"[4, 24, 8, 27, 23, 35, 18, 3, 14, 0, 16, 17, 2, 11, 1]","[25, 42, 43, 81, 83, 71, 20, 19, 3, 5, 67, 16, 15, 9]",155.12,14
4,1,"[4, 24, 8, 30, 19, 28, 29, 23, 35, 18, 3, 14, 0, 13, 12, 33, 37, 11, 1]","[25, 42, 44, 74, 73, 91, 82, 83, 71, 20, 19, 3, 2, 60, 61, 102, 57, 9]",161.12,18
4,1,"[4, 26, 7, 6, 9, 25, 24, 8, 30, 19, 28, 29, 23, 35, 31, 1]","[26, 40, 35, 36, 47, 85, 42, 44, 74, 73, 91, 82, 83, 98, 12]",161.84,15
4,1,"[4, 24, 8, 27, 23, 35, 18, 3, 14, 0, 13, 12, 33, 37, 11, 1]","[25, 42, 43, 81, 83, 71, 20, 19, 3, 2, 60, 61, 102, 57, 9]",163.12,15
4,1,"[4, 26, 7, 6, 9, 25, 24, 8, 27, 23, 35, 31, 1]","[26, 40, 35, 36, 47, 85, 42, 43, 81, 83, 98, 12]",163.84,12
4,2,"[4, 24, 8, 30, 19, 28, 31, 1, 11, 2]","[25, 42, 44, 74, 73, 92, 12, 9, 15]",53.12,9
4,2,"[4, 24, 8, 30, 19, 28, 29, 23, 35, 31, 1, 11, 2]","[25, 42, 44, 74, 73, 91, 82, 83, 98, 12, 9, 15]",77.12,12
4,2,"[4, 24, 8, 27, 23, 35, 31, 1, 11, 2]","[25, 42, 43, 81, 83, 98, 12, 9, 15]",79.12,9
4,2,"[4, 24, 8, 30, 38, 36, 21, 1, 11, 2]","[25, 42, 44, 95, 106, 78, 11, 9, 15]",82.12,9
4,2,"[4, 24, 8, 27, 23, 29, 28, 31, 1, 11, 2]","[25, 42, 43, 81, 82, 91, 92, 12, 9, 15]",87.12,10
4,2,"[4, 24, 8, 30, 19, 28, 31, 1, 12, 13, 0, 16, 17, 2]","[25, 42, 44, 74, 73, 92, 12, 10, 60, 2, 5, 67, 16]",88.12,13
4,2,"[4, 24, 8, 30, 19, 28, 31, 1, 12, 33, 37, 11, 2]","[25, 42, 44, 74, 73, 92, 12, 10, 61, 102, 57, 15]",94.12,12
4,2,"[4, 24, 8, 30, 19, 28, 29, 23, 35, 31, 1, 12, 13, 0, 16, 17, 2]","[25, 42, 44, 74, 73, 91, 82, 83, 98, 12, 10, 60, 2, 5, 67, 16]",112.12,16
4,2,"[4, 24, 8, 27, 23, 35, 31, 1, 12, 13, 0, 16, 17, 2]","[25, 42, 43, 81, 83, 98, 12, 10, 60, 2, 5, 67, 16]",114.12,13
4,2,"[4, 24, 8, 30, 38, 36, 21, 1, 12, 13, 0, 16, 17, 2]","[25, 42, 44, 95, 106, 78, 11, 10, 60, 2, 5, 67, 16]",117.12,13
4,2,"[4, 24, 8, 30, 19, 28, 29, 23, 35, 31, 1, 12, 33, 37, 11, 2]","[25, 42, 44, 74, 73, 91, 82, 83, 98, 12, 10, 61, 102, 57, 15]",118.12,15
4,2,"[4, 24, 8, 27, 23, 35, 31, 1, 12, 33, 37, 11, 2]","[25, 42, 43, 81, 83, 98, 12, 10, 61, 102, 57, 15]",120.12,12
4,2,"[4, 24, 8, 27, 23, 35, 31, 28, 19, 30, 38, 36, 21, 1, 11, 2]","[25, 42, 43, 81, 83, 98, 92, 73, 74, 95, 106, 78, 11, 9, 15]",122.12,15
4,2,"[4, 24, 8, 27, 23, 29, 28, 31, 1, 12, 13, 0, 16, 17, 2]","[25, 42, 43, 81, 82, 91, 92, 12, 10, 60, 2, 5, 67, 16]",122.12,14
4,2,"[4, 24, 8, 30, 38, 36, 21, 1, 12, 33, 37, 11, 2]","[25, 42, 44, 95, 106, 78, 11, 10, 61, 102, 57, 15]",123.12,12
4,2,"[4, 24, 8, 30, 19, 28, 31, 35, 18, 3, 14, 0, 13, 12, 1, 11, 2]","[25, 42, 44, 74, 73, 92, 98, 71, 20, 19, 3, 2, 60, 10, 9, 15]",124.12,16
4,2,"[4, 24, 8, 27, 23, 29, 28, 19, 30, 38, 36, 21, 1, 11, 2]","[25, 42, 43, 81, 82, 91, 73, 74, 95, 106, 78, 11, 9, 15]",124.12,14
4,2,"[4, 24, 8, 27, 23, 29, 28, 31, 1, 12, 33, 37, 11, 2]","[25, 42, 43, 81, 82, 91, 92, 12, 10, 61, 102, 57, 15]",128.12,13
4,2,"[4, 24, 8, 30, 19, 28, 31, 1, 11, 37, 33, 12, 13, 0, 16, 17, 2]","[25, 42, 44, 74, 73, 92, 12, 9, 57, 102, 61, 60, 2, 5, 67, 16]",129.12,16
4,2,"[4, 24, 8, 30, 19, 28, 31, 35, 18, 3, 14, 0, 16, 17, 2]","[25, 42, 44, 74, 73, 92, 98, 71, 20, 19, 3, 5, 67, 16]",129.12,14
4,3,"[4, 24, 8, 30, 19, 28, 31, 35, 18, 3]","[25, 42, 44, 74, 73, 92, 98, 71, 20]",69.12,9
4,3,"[4, 24, 8, 30, 19, 28, 29, 23, 35, 18, 3]","[25, 42, 44, 74, 73, 91, 82, 83, 71, 20]",79.12,10
4,3,"[4, 24, 8, 30, 19, 28, 31, 1, 12, 13, 0, 14, 3]","[25, 42, 44, 74, 73, 92, 12, 10, 60, 2, 3, 19]",80.12,12
4,3,"[4, 24, 8, 27, 23, 35, 18, 3]","[25, 42, 43, 81, 83, 71, 20]",81.12,7
4,3,"[4, 24, 8, 27, 23, 29, 28, 31, 35, 18, 3]","[25, 42, 43, 81, 82, 91, 92, 98, 71, 20]",103.12,10
4,3,"[4, 24, 8, 30, 19, 28, 29, 23, 35, 31, 1, 12, 13, 0, 14, 3]","[25, 42, 44, 74, 73, 91, 82, 83, 98, 12, 10, 60, 2, 3, 19]",104.12,15
4,3,"[4, 24, 8, 30, 38, 36, 21, 1, 31, 35, 18, 3]","[25, 42, 44, 95, 106, 78, 11, 12, 98, 71, 20]",104.12,11
4,3,"[4, 24, 8, 27, 23, 35, 31, 1, 12, 13, 0, 14, 3]","[25, 42, 43, 81, 83, 98, 12, 10, 60, 2, 3, 19]",106.12,12
4,3,"[4, 24, 8, 30, 38, 36, 21, 1, 12, 13, 0, 14, 3]","[25, 42, 44, 95, 106, 78, 11, 10, 60, 2, 3, 19]",109.12,12
4,3,"[4, 24, 8, 30, 19, 28, 31, 1, 11, 2, 17, 16, 0, 14, 3]","[25, 42, 44, 74, 73, 92, 12, 9, 15, 16, 67, 5, 3, 19]",113.12,14
4,3,"[4, 24, 8, 27, 23, 29, 28, 31, 1, 12, 13, 0, 14, 3]","[25, 42, 43, 81, 82, 91, 92, 12, 10, 60, 2, 3, 19]",114.12,13
4,3,"[4, 24, 8, 30, 38, 36, 21, 1, 31, 28, 29, 23, 35, 18, 3]","[25, 42, 44, 95, 106, 78, 11, 12, 92, 91, 82, 83, 71, 20]",120.12,14
4,3,"[4, 24, 8, 30, 19, 28, 31, 1, 11, 37, 33, 12, 13, 0, 14, 3]","[25, 42, 44, 74, 73, 92, 12, 9, 57, 102, 61, 60, 2, 3, 19]",121.12,15
4,3,"[4, 24, 8, 30, 19, 28, 29, 23, 35, 31, 1, 11, 2, 17, 16, 0, 14, 3]","[25, 42, 44, 74, 73, 91, 82, 83, 98, 12, 9, 15, 16, 67, 5, 3, 19]",137.12,17
4,3,"[4, 24, 8, 27, 23, 35, 31, 1, 11, 2, 17, 16, 0, 14, 3]","[25, 42, 43, 81, 83, 98, 12, 9, 15, 16, 67, 5, 3, 19]",139.12,14
4,3,"[4, 24, 8, 30, 38, 36, 21, 1, 11, 2, 17, 16, 0, 14, 3]","[25, 42, 44, 95, 106, 78, 11, 9, 15, 16, 67, 5, 3, 19]",142.12,14
4,3,"[4, 24, 8, 30, 19, 28, 29, 23, 35, 31, 1, 11, 37, 33, 12, 13, 0, 14, 3]","[25, 42, 44, 74, 73, 91, 82, 83, 98, 12, 9, 57, 102, 61, 60, 2, 3, 19]",145.12,18
4,3,"[4, 24, 8, 27, 23, 29, 28, 19, 30, 38, 36, 21, 1, 31, 35, 18, 3]","[25, 42, 43, 81, 82, 91, 73, 74, 95, 106, 78, 11, 12, 98, 71, 20]",146.12,16
4,3,"[4, 24, 8, 27, 23, 35, 31, 1, 11, 37, 33, 12, 13, 0, 14, 3]","[25, 42, 43, 81, 83, 98, 12, 9, 57, 102, 61, 60, 2, 3, 19]",147.12,15
4,3,"[4, 24, 8, 27, 23, 29, 28, 31, 1, 11, 2, 17, 16, 0, 14, 3]","[25, 42, 43, 81, 82, 91, 92, 12, 9, 15, 16, 67, 5, 3, 19]",147.12,15
4,5,"[4, 24, 8, 30, 19, 28, 31, 35, 23, 5]","[25, 42, 44, 74, 73, 92, 98, 83, 29]",53.43,9
4,5,"[4, 24, 8, 30, 19, 28, 29, 23, 5]","[25, 42, 44, 74, 73, 91, 82, 29]",55.42999999999999,8
4,5,"[4, 24, 8, 27, 23, 5]","[25, 42, 43, 81, 29]",57.43,5
4,5,"[4, 24, 8, 30, 38, 36, 21, 1, 31, 35, 23, 5]","[25, 42, 44, 95, 106, 78, 11, 12, 98, 83, 29]",88.43,11
4,5,"[4, 24, 8, 30, 38, 36, 21, 1, 31, 28, 29, 23, 5]","[25, 42, 44, 95, 106, 78, 11, 12, 92, 91, 82, 29]",96.43,12
4,5,"[4, 24, 8, 30, 19, 28, 31, 1, 12, 13, 0, 14, 3, 18, 35, 23, 5]","[25, 42, 44, 74, 73, 92, 12, 10, 60, 2, 3, 19, 20, 71, 83, 29]",116.43,16
4,5,"[4, 24, 8, 30, 38, 36, 21, 1, 12, 13, 0, 14, 3, 18, 35, 23, 5]","[25, 42, 44, 95, 106, 78, 11, 10, 60, 2, 3, 19, 20, 71, 83, 29]",145.43,16
4,5,"[4, 24, 8, 30, 19, 28, 31, 1, 11, 2, 17, 16, 0, 14, 3, 18, 35, 23, 5]","[25, 42, 44, 74, 73, 92, 12, 9, 15, 16, 67, 5, 3, 19, 20, 71, 83, 29]",149.43,18
4,5,"[4, 26, 7, 6, 9, 25, 24, 8, 30, 19, 28, 31, 35, 23, 5]","[26, 40, 35, 36, 47, 85, 42, 44, 74, 73, 92, 98, 83, 29]",152.15,14
4,5,"[4, 26, 7, 6, 9, 25, 24, 8, 30, 19, 28, 29, 23, 5]","[26, 40, 35, 36, 47, 85, 42, 44, 74, 73, 91, 82, 29]",154.15,13
4,5,"[4, 26, 7, 6, 9, 25, 24, 8, 27, 23, 5]","[26, 40, 35, 36, 47, 85, 42, 43, 81, 29]",156.15,10
4,5,"[4, 24, 8, 30, 19, 28, 31, 1, 11, 37, 33, 12, 13, 0, 14, 3, 18, 35, 23, 5]","[25, 42, 44, 74, 73, 92, 12, 9, 57, 102, 61, 60, 2, 3, 19, 20, 71, 83, 29]",157.43,19
4,5,"[4, 24, 8, 30, 38, 36, 21, 1, 12, 13, 0, 14, 3, 18, 35, 31, 28, 29, 23, 5]","[25, 42, 44, 95, 106, 78, 11, 10, 60, 2, 3, 19, 20, 71, 98, 92, 91, 82, 29]",167.43,19
4,5,"[4, 24, 8, 30, 38, 36, 21, 1, 11, 2, 17, 16, 0, 14, 3, 18, 35, 23, 5]","[25, 42, 44, 95, 106, 78, 11, 9, 15, 16, 67, 5, 3, 19, 20, 71, 83, 29]",178.43,18
4,5,"[4, 24, 8, 30, 38, 36, 21, 1, 11, 37, 33, 12, 13, 0, 14, 3, 18, 35, 23, 5]","[25, 42, 44, 95, 106, 78, 11, 9, 57, 102, 61, 60, 2, 3, 19, 20, 71, 83, 29]",186.43,19
4,5,"[4, 26, 7, 6, 9, 25, 24, 8, 30, 38, 36, 21, 1, 31, 35, 23, 5]","[26, 40, 35, 36, 47, 85, 42, 44, 95, 106, 78, 11, 12, 98, 83, 29]",187.15,16
4,5,"[4, 24, 8, 30, 19, 28, 31, 1, 12, 33, 37, 11, 2, 17, 16, 0, 14, 3, 18, 35, 23, 5]","[25, 42, 44, 74, 73, 92, 12, 10, 61, 102, 57, 15, 16, 67, 5, 3, 19, 20, 71, 83, 29]",190.43,21
4,5,"[4, 26, 7, 6, 9, 25, 24, 8, 30, 38, 36, 21, 1, 31, 28, 29, 23, 5]","[26, 40, 35, 36, 47, 85, 42, 44, 95, 106, 78, 11, 12, 92, 91, 82, 29]",195.15,17
4,5,"[4, 24, 8, 30, 38, 36, 21, 1, 11, 2, 17, 16, 0, 14, 3, 18, 35, 31, 28, 29, 23, 5]","[25, 42, 44, 95, 106, 78, 11, 9, 15, 16, 67, 5, 3, 19, 20, 71, 98, 92, 91, 82, 29]",200.43,21
4,5,"[4, 24, 8, 30, 38, 36, 21, 1, 11, 37, 33, 12, 13, 0, 14, 3, 18, 35, 31, 28, 29, 23, 5]","[25, 42, 44, 95, 106, 78, 11, 9, 57, 102, 61, 60, 2, 3, 19, 20, 71, 98, 92, 91, 82, 29]",208.43,22
5,0,"[5, 23, 35, 31, 1, 12, 13, 0]","[29, 83, 98, 12, 10, 60, 2]",35.31,7
5,0,"[5, 23, 29, 28, 31, 1, 12, 13, 0]","[29, 82, 91, 92, 12, 10, 60, 2]",43.31,8
5,0,"[5, 23, 35, 18, 3, 14, 0]","[29, 83, 71, 20, 19, 3]",62.31,6
5,0,"[5, 23, 35, 31, 1, 11, 2, 17, 16, 0]","[29, 83, 98, 12, 9, 15, 16, 67, 5]",68.31,9
5,0,"[5, 23, 27, 8, 30, 19, 28, 31, 1, 12, 13, 0]","[29, 81, 43, 44, 74, 73, 92, 12, 10, 60, 2]",71.31,11
5,0,"[5, 23, 35, 31, 1, 11, 37, 33, 12, 13, 0]","[29, 83, 98, 12, 9, 57, 102, 61, 60, 2]",76.31,10
5,0,"[5, 23, 29, 28, 31, 1, 11, 2, 17, 16, 0]","[29, 82, 91, 92, 12, 9, 15, 16, 67, 5]",76.31,10
5,0,"[5, 23, 35, 31, 28, 19, 30, 38, 36, 21, 1, 12, 13, 0]","[29, 83, 98, 92, 73, 74, 95, 106, 78, 11, 10, 60, 2]",78.31,13
5,0,"[5, 23, 29, 28, 19, 30, 38, 36, 21, 1, 12, 13, 0]","[29, 82, 91, 73, 74, 95, 106, 78, 11, 10, 60, 2]",80.31,12
5,0,"[5, 23, 29, 28, 31, 1, 11, 37, 33, 12, 13, 0]","[29, 82, 91, 92, 12, 9, 57, 102, 61, 60, 2]",84.31,11
5,0,"[5, 23, 29, 28, 31, 35, 18, 3, 14, 0]","[29, 82, 91, 92, 98, 71, 20, 19, 3]",84.31,9
5,0,"[5, 23, 27, 8, 30, 38, 36, 21, 1, 12, 13, 0]","[29, 81, 43, 44, 95, 106, 78, 11, 10, 60, 2]",100.31,11
5,0,"[5, 23, 27, 8, 30, 19, 28, 31, 1, 11, 2, 17, 16, 0]","[29, 81, 43, 44, 74, 73, 92, 12, 9, 15, 16, 67, 5]",104.31,13
5,0,"[5, 23, 35, 31, 1, 12, 33, 37, 11, 2, 17, 16, 0]","[29, 83, 98, 12, 10, 61, 102, 57, 15, 16, 67, 5]",109.31,12
5,0,"[5, 23, 35, 31, 28, 19, 30, 38, 36, 21, 1, 11, 2, 17, 16, 0]","[29, 83, 98, 92, 73, 74, 95, 106, 78, 11, 9, 15, 16, 67, 5]",111.31,15
5,0,"[5, 23, 27, 8, 30, 19, 28, 31, 35, 18, 3, 14, 0]","[29, 81, 43, 44, 74, 73, 92, 98, 71, 20, 19, 3]",112.31,12
5,0,"[5, 23, 27, 8, 30, 19, 28, 31, 1, 11, 37, 33, 12, 13, 0]","[29, 81, 43, 44, 74, 73, 92, 12, 9, 57, 102, 61, 60, 2]",112.31,14
5,0,"[5, 23, 29, 28, 19, 30, 38, 36, 21, 1, 11, 2, 17, 16, 0]","[29, 82, 91, 73, 74, 95, 106, 78, 11, 9, 15, 16, 67, 5]",113.31,14
5,0,"[5, 23, 29, 28, 31, 1, 12, 33, 37, 11, 2, 17, 16, 0]","[29, 82, 91, 92, 12, 10, 61, 102, 57, 15, 16, 67, 5]",117.31,13
5,0,"[5, 23, 35, 31, 28, 19, 30, 38, 36, 21, 1, 11, 37, 33, 12, 13, 0]","[29, 83, 98, 92, 73, 74, 95, 106, 78, 11, 9, 57, 102, 61, 60, 2]",119.31,16
5,1,"[5, 23, 35, 31, 1]","[29, 83, 98, 12]",20.31,4
5,1,"[5, 23, 29, 28, 31, 1]","[29, 82, 91, 92, 12]",28.31,5
5,1,"[5, 23, 27, 8, 30, 19, 28, 31, 1]","[29, 81, 43, 44, 74, 73, 92, 12]",56.31,8
5,1,"[5, 23, 35, 31, 28, 19, 30, 38, 36, 21, 1]","[29, 83, 98, 92, 73, 74, 95, 106, 78, 11]",63.31,10
5,1,"[5, 23, 29, 28, 19, 30, 38, 36, 21, 1]","[29, 82, 91, 73, 74, 95, 106, 78, 11]",65.31,9
5,1,"[5, 23, 35, 18, 3, 14, 0, 13, 12, 1]","[29, 83, 71, 20, 19, 3, 2, 60, 10]",77.31,9
5,1,"[5, 23, 27, 8, 30, 38, 36, 21, 1]","[29, 81, 43, 44, 95, 106, 78, 11]",85.31,8
5,1,"[5, 23, 29, 28, 31, 35, 18, 3, 14, 0, 13, 12, 1]","[29, 82, 91, 92, 98, 71, 20, 19, 3, 2, 60, 10]",99.31,12
5,1,"[5, 23, 35, 18, 3, 14, 0, 16, 17, 2, 11, 1]","[29, 83, 71, 20, 19, 3, 5, 67, 16, 15, 9]",110.31,11
5,1,"[5, 23, 35, 18, 3, 14, 0, 13, 12, 33, 37, 11, 1]","[29, 83, 71, 20, 19, 3, 2, 60, 61, 102, 57, 9]",118.31,12
5,1,"[5, 23, 27, 8, 30, 19, 28, 31, 35, 18, 3, 14, 0, 13, 12, 1]","[29, 81, 43, 44, 74, 73, 92, 98, 71, 20, 19, 3, 2, 60, 10]",127.31,15
5,1,"[5, 23, 29, 28, 31, 35, 18, 3, 14, 0, 16, 17, 2, 11, 1]","[29, 82, 91, 92, 98, 71, 20, 19, 3, 5, 67, 16, 15, 9]",132.31,14
5,1,"[5, 23, 29, 28, 31, 35, 18, 3, 14, 0, 13, 12, 33, 37, 11, 1]","[29, 82, 91, 92, 98, 71, 20, 19, 3, 2, 60, 61, 102, 57, 9]",140.31,15
5,1,"[5, 23, 35, 18, 3, 14, 0, 16, 17, 2, 11, 37, 33, 12, 1]","[29, 83, 71, 20, 19, 3, 5, 67, 16, 15, 57, 102, 61, 10]",151.31,14
5,1,"[5, 23, 27, 8, 30, 19, 28, 31, 35, 18, 3, 14, 0, 16, 17, 2, 11, 1]","[29, 81, 43, 44, 74, 73, 92, 98, 71, 20, 19, 3, 5, 67, 16, 15, 9]",160.31,17
5,1,"[5, 23, 27, 8, 30, 19, 28, 31, 35, 18, 3, 14, 0, 13, 12, 33, 37, 11, 1]","[29, 81, 43, 44, 74, 73, 92, 98, 71, 20, 19, 3, 2, 60, 61, 102, 57, 9]",168.31,18
5,1,"[5, 23, 35, 18, 3, 14, 0, 15, 20, 22, 17, 2, 11, 1]","[29, 83, 71, 20, 19, 3, 4, 65, 76, 69, 16, 15, 9]",170.31,13
5,1,"[5, 23, 29, 28, 31, 35, 18, 3, 14, 0, 16, 17, 2, 11, 37, 33, 12, 1]","[29, 82, 91, 92, 98, 71, 20, 19, 3, 5, 67, 16, 15, 57, 102, 61, 10]",173.31,17
5,1,"[5, 23, 29, 28, 31, 35, 18, 3, 14, 0, 15, 20, 22, 17, 2, 11, 1]","[29, 82, 91, 92, 98, 71, 20, 19, 3, 4, 65, 76, 69, 16, 15, 9]",192.31,16
5,1,"[5, 23, 27, 8, 30, 19, 28, 31, 35, 18, 3, 14, 0, 16, 17, 2, 11, 37, 33, 12, 1]","[29, 81, 43, 44, 74, 73, 92, 98, 71, 20, 19, 3, 5, 67, 16, 15, 57, 102, 61, 10]",201.31,20
5,2,"[5, 23, 35, 31, 1, 11, 2]","[29, 83, 98, 12, 9, 15]",34.31,6
5,2,"[5, 23, 29, 28, 31, 1, 11, 2]","[29, 82, 91, 92, 12, 9, 15]",42.31,7
5,2,"[5, 23, 35, 31, 1, 12, 13, 0, 16, 17, 2]","[29, 83, 98, 12, 10, 60, 2, 5, 67, 16]",69.31,10
5,2,"[5, 23, 27, 8, 30, 19, 28, 31, 1, 11, 2]","[29, 81, 43, 44, 74, 73, 92, 12, 9, 15]",70.31,10
5,2,"[5, 23, 35, 31, 1, 12, 33, 37, 11, 2]","[29, 83, 98, 12, 10, 61, 102, 57, 15]",75.31,9
5,2,"[5, 23, 35, 31, 28, 19, 30, 38, 36, 21, 1, 11, 2]","[29, 83, 98, 92, 73, 74, 95, 106, 78, 11, 9, 15]",77.31,12
5,2,"[5, 23, 29, 28, 31, 1, 12, 13, 0, 16, 17, 2]","[29, 82, 91, 92, 12, 10, 60, 2, 5, 67, 16]",77.31,11
5,2,"[5, 23, 29, 28, 19, 30, 38, 36, 21, 1, 11, 2]","[29, 82, 91, 73, 74, 95, 106, 78, 11, 9, 15]",79.31,11
5,2,"[5, 23, 29, 28, 31, 1, 12, 33, 37, 11, 2]","[29, 82, 91, 92, 12, 10, 61, 102, 57, 15]",83.31,10
5,2,"[5, 23, 35, 18, 3, 14, 0, 13, 12, 1, 11, 2]","[29, 83, 71, 20, 19, 3, 2, 60, 10, 9, 15]",91.31,11
5,2,"[5, 23, 35, 18, 3, 14, 0, 16, 17, 2]","[29, 83, 71, 20, 19, 3, 5, 67, 16]",96.31,9
5,2,"[5, 23, 27, 8, 30, 38, 36, 21, 1, 11, 2]","[29, 81, 43, 44, 95, 106, 78, 11, 9, 15]",99.31,10
5,2,"[5, 23, 27, 8, 30, 19, 28, 31, 1, 12, 13, 0, 16, 17, 2]","[29, 81, 43, 44, 74, 73, 92, 12, 10, 60, 2, 5, 67, 16]",105.31,14
5,2,"[5, 23, 35, 31, 1, 11, 37, 33, 12, 13, 0, 16, 17, 2]","[29, 83, 98, 12, 9, 57, 102, 61, 60, 2, 5, 67, 16]",110.31,13
5,2,"[5, 23, 27, 8, 30, 19, 28, 31, 1, 12, 33, 37, 11, 2]","[29, 81, 43, 44, 74, 73, 92, 12, 10, 61, 102, 57, 15]",111.31,13
5,2,"[5, 23, 35, 31, 28, 19, 30, 38, 36, 21, 1, 12, 13, 0, 16, 17, 2]","[29, 83, 98, 92, 73, 74, 95, 106, 78, 11, 10, 60, 2, 5, 67, 16]",112.31,16
5,2,"[5, 23, 29, 28, 31, 35, 18, 3, 14, 0, 13, 12, 1, 11, 2]","[29, 82, 91, 92, 98, 71, 20, 19, 3, 2, 60, 10, 9, 15]",113.31,14
5,2,"[5, 23, 29, 28, 19, 30, 38, 36, 21, 1, 12, 13, 0, 16, 17, 2]","[29, 82, 91, 73, 74, 95, 106, 78, 11, 10, 60, 2, 5, 67, 16]",114.31,15
5,2,"[5, 23, 29, 28, 31, 1, 11, 37, 33, 12, 13, 0, 16, 17, 2]","[29, 82, 91, 92, 12, 9, 57, 102, 61, 60, 2, 5, 67, 16]",118.31,14
5,2,"[5, 23, 35, 31, 28, 19, 30, 38, 36, 21, 1, 12, 33, 37, 11, 2]","[29, 83, 98, 92, 73, 74, 95, 106, 78, 11, 10, 61, 102, 57, 15]",118.31,15
5,3,"[5, 23, 35, 18, 3]","[29, 83, 71, 20]",36.31,4
5,3,"[5, 23, 29, 28, 31, 35, 18, 3]","[29, 82, 91, 92, 98, 71, 20]",58.31,7
5,3,"[5, 23, 35, 31, 1, 12, 13, 0, 14, 3]","[29, 83, 98, 12, 10, 60, 2, 3, 19]",61.31,9
5,3,"[5, 23, 29, 28, 31, 1, 12, 13, 0, 14, 3]","[29, 82, 91, 92, 12, 10, 60, 2, 3, 19]",69.31,10
5,3,"[5, 23, 27, 8, 30, 19, 28, 31, 35, 18, 3]","[29, 81, 43, 44, 74, 73, 92, 98, 71, 20]",86.31,10
5,3,"[5, 23, 35, 31, 1, 11, 2, 17, 16, 0, 14, 3]","[29, 83, 98, 12, 9, 15, 16, 67, 5, 3, 19]",94.31,11
5,3,"[5, 23, 27, 8, 30, 19, 28, 31, 1, 12, 13, 0, 14, 3]","[29, 81, 43, 44, 74, 73, 92, 12, 10, 60, 2, 3, 19]",97.31,13
5,3,"[5, 23, 29, 28, 19, 30, 38, 36, 21, 1, 31, 35, 18, 3]","[29, 82, 91, 73, 74, 95, 106, 78, 11, 12, 98, 71, 20]",101.31,13
5,3,"[5, 23, 29, 28, 31, 1, 11, 2, 17, 16, 0, 14, 3]","[29, 82, 91, 92, 12, 9, 15, 16, 67, 5, 3, 19]",102.31,12
5,3,"[5, 23, 35, 31, 1, 11, 37, 33, 12, 13, 0, 14, 3]","[29, 83, 98, 12, 9, 57, 102, 61, 60, 2, 3, 19]",102.31,12
5,3,"[5, 23, 35, 31, 28, 19, 30, 38, 36, 21, 1, 12, 13, 0, 14, 3]","[29, 83, 98, 92, 73, 74, 95, 106, 78, 11, 10, 60, 2, 3, 19]",104.31,15
5,3,"[5, 23, 29, 28, 19, 30, 38, 36, 21, 1, 12, 13, 0, 14, 3]","[29, 82, 91, 73, 74, 95, 106, 78, 11, 10, 60, 2, 3, 19]",106.31,14
5,3,"[5, 23, 29, 28, 31, 1, 11, 37, 33, 12, 13, 0, 14, 3]","[29, 82, 91, 92, 12, 9, 57, 102, 61, 60, 2, 3, 19]",110.31,13
5,3,"[5, 23, 27, 8, 30, 38, 36, 21, 1, 31, 35, 18, 3]","[29, 81, 43, 44, 95, 106, 78, 11, 12, 98, 71, 20]",121.31,12
5,3,"[5, 23, 27, 8, 30, 38, 36, 21, 1, 12, 13, 0, 14, 3]","[29, 81, 43, 44, 95, 106, 78, 11, 10, 60, 2, 3, 19]",126.31,13
5,3,"[5, 23, 27, 8, 30, 19, 28, 31, 1, 11, 2, 17, 16, 0, 14, 3]","[29, 81, 43, 44, 74, 73, 92, 12, 9, 15, 16, 67, 5, 3, 19]",130.31,15
5,3,"[5, 23, 35, 31, 1, 12, 33, 37, 11, 2, 17, 16, 0, 14, 3]","[29, 83, 98, 12, 10, 61, 102, 57, 15, 16, 67, 5, 3, 19]",135.31,14
5,3,"[5, 23, 35, 31, 28, 19, 30, 38, 36, 21, 1, 11, 2, 17, 16, 0, 14, 3]","[29, 83, 98, 92, 73, 74, 95, 106, 78, 11, 9, 15, 16, 67, 5, 3, 19]",137.31,17
5,3,"[5, 23, 27, 8, 30, 19, 28, 31, 1, 11, 37, 33, 12, 13, 0, 14, 3]","[29, 81, 43, 44, 74, 73, 92, 12, 9, 57, 102, 61, 60, 2, 3, 19]",138.31,16
5,3,"[5, 23, 29, 28, 19, 30, 38, 36, 21, 1, 11, 2, 17, 16, 0, 14, 3]","[29, 82, 91, 73, 74, 95, 106, 78, 11, 9, 15, 16, 67, 5, 3, 19]",139.31,16
5,4,"[5, 23, 35, 31, 28, 19, 30, 8, 24, 4]","[29, 83, 98, 92, 73, 74, 44, 42, 25]",53.43,9
5,4,"[5, 23, 29, 28, 19, 30, 8, 24, 4]","[29, 82, 91, 73, 74, 44, 42, 25]",55.43,8
5,4,"[5, 23, 27, 8, 24, 4]","[29, 81, 43, 42, 25]",57.43,5
5,4,"[5, 23, 35, 31, 1, 21, 36, 38, 30, 8, 24, 4]","[29, 83, 98, 12, 11, 78, 106, 95, 44, 42, 25]",88.43,11
5,4,"[5, 23, 29, 28, 31, 1, 21, 36, 38, 30, 8, 24, 4]","[29, 82, 91, 92, 12, 11, 78, 106, 95, 44, 42, 25]",96.43,12
5,4,"[5, 23, 35, 18, 3, 14, 0, 13, 12, 1, 31, 28, 19, 30, 8, 24, 4]","[29, 83, 71, 20, 19, 3, 2, 60, 10, 12, 92, 73, 74, 44, 42, 25]",116.43,16
5,4,"[5, 23, 35, 18, 3, 14, 0, 13, 12, 1, 21, 36, 38, 30, 8, 24, 4]","[29, 83, 71, 20, 19, 3, 2, 60, 10, 11, 78, 106, 95, 44, 42, 25]",145.43,16
5,4,"[5, 23, 35, 18, 3, 14, 0, 16, 17, 2, 11, 1, 31, 28, 19, 30, 8, 24, 4]","[29, 83, 71, 20, 19, 3, 5, 67, 16, 15, 9, 12, 92, 73, 74, 44, 42, 25]",149.43,18
5,4,"[5, 23, 35, 31, 28, 19, 30, 8, 24, 25, 9, 6, 7, 26, 4]","[29, 83, 98, 92, 73, 74, 44, 42, 85, 47, 36, 35, 40, 26]",152.15,14
5,4,"[5, 23, 29, 28, 19, 30, 8, 24, 25, 9, 6, 7, 26, 4]","[29, 82, 91, 73, 74, 44, 42, 85, 47, 36, 35, 40, 26]",154.15,13
5,4,"[5, 23, 27, 8, 24, 25, 9, 6, 7, 26, 4]","[29, 81, 43, 42, 85, 47, 36, 35, 40, 26]",156.15,10
5,4,"[5, 23, 35, 18, 3, 14, 0, 13, 12, 33, 37, 11, 1, 31, 28, 19, 30, 8, 24, 4]","[29, 83, 71, 20, 19, 3, 2, 60, 61, 102, 57, 9, 12, 92, 73, 74, 44, 42, 25]",157.43,19
5,4,"[5, 23, 29, 28, 31, 35, 18, 3, 14, 0, 13, 12, 1, 21, 36, 38, 30, 8, 24, 4]","[29, 82, 91, 92, 98, 71, 20, 19, 3, 2, 60, 10, 11, 78, 106, 95, 44, 42, 25]",167.43,19
5,4,"[5, 23, 35, 18, 3, 14, 0, 16, 17, 2, 11, 1, 21, 36, 38, 30, 8, 24, 4]","[29, 83, 71, 20, 19, 3, 5, 67, 16, 15, 9, 11, 78, 106, 95, 44, 42, 25]",178.43,18
5,4,"[5, 23, 35, 18, 3, 14, 0, 13, 12, 33, 37, 11, 1, 21, 36, 38, 30, 8, 24, 4]","[29, 83, 71, 20, 19, 3, 2, 60, 61, 102, 57, 9, 11, 78, 106, 95, 44, 42, 25]",186.43,19
5,4,"[5, 23, 35, 31, 1, 21, 36, 38, 30, 8, 24, 25, 9, 6, 7, 26, 4]","[29, 83, 98, 12, 11, 78, 106, 95, 44, 42, 85, 47, 36, 35, 40, 26]",187.15,16
5,4,"[5, 23, 35, 18, 3, 14, 0, 16, 17, 2, 11, 37, 33, 12, 1, 31, 28, 19, 30, 8, 24, 4]","[29, 83, 71, 20, 19, 3, 5, 67, 16, 15, 57, 102, 61, 10, 12, 92, 73, 74, 44, 42, 25]",190.43,21
5,4,"[5, 23, 29, 28, 31, 1, 21, 36, 38, 30, 8, 24, 25, 9, 6, 7, 26, 4]","[29, 82, 91, 92, 12, 11, 78, 106, 95, 44, 42, 85, 47, 36, 35, 40, 26]",195.15,17
5,4,"[5, 23, 29, 28, 31, 35, 18, 3, 14, 0, 16, 17, 2, 11, 1, 21, 36, 38, 30, 8, 24, 4]","[29, 82, 91, 92, 98, 71, 20, 19, 3, 5, 67, 16, 15, 9, 11, 78, 106, 95, 44, 42, 25]",200.43,21
5,4,"[5, 23, 29, 28, 31, 35, 18, 3, 14, 0, 13, 12, 33, 37, 11, 1, 21, 36, 38, 30, 8, 24, 4]","[29, 82, 91, 92, 98, 71, 20, 19, 3, 2, 60, 61, 102, 57, 9, 11, 78, 106, 95, 44, 42, 25]",208.43,22
